Unnamed: 0,username,description,location,following,followers,totaltweets,retweetcount,text,hashtags,verified,url,img,screen_name_binary,description_binary,location_binary,verified_binary,troldurum
0,Toronaga14,AraÅŸtÄ±rmacÄ±,"Ä°stanbul, TÃ¼rkiye",74,10,65,0,"Sn BaÅŸkanlarÄ±m, memura destek olur musunuz. MaaÅŸÄ±mÄ±n yarÄ±sÄ± kiraya gidiyor. Kalan 5bin aÃ§lÄ±k sÄ±nÄ±rÄ± altÄ±nda bir gelir kalÄ±yor. Ä°nsanca yaÅŸamak istiyoruz. #MemuraEk5Bin
#kilicdaroglu 
#aksener","['MemuraEk5Bin', 'kilicdaroglu', 'aksener']",False,,http://abs.twimg.com/sticky/default_profile_images/default_profile_normal.png,False,False,False,True,1
1,serkaninceoglu,"DÃ¼rÃ¼st, Ä°lkeli Gazeteci, SÃ¼rekli BasÄ±n KartÄ± Sahibi
https://t.co/KakQVahxwR YazarÄ± / Journalist / Columnist",BURSA,1248,2845,979,0,"BÃ¼yÃ¼k 3 siyasi parti, Bursaâ€™da ne durumda!
https://t.co/85cHL9EsDZ
@RTErdogan @kilicdarogluk @meral_aksener @efkanala @Hakan_cavusoglu @tatliogluismail #KÄ±lÄ±Ã§daroÄŸlu #AkÅŸener #AlinurAktaÅŸ #MustafaBozbey #Bursa #BÃ¼yÃ¼kÅŸehir #Belediye #BaÅŸkan #SeÃ§im #Aday #AKParti #CHP #Ä°YÄ°Parti","['KÄ±lÄ±Ã§daroÄŸlu', 'AkÅŸener', 'AlinurAktaÅŸ', 'MustafaBozbey', 'Bursa', 'BÃ¼yÃ¼kÅŸehir', 'Belediye', 'BaÅŸkan', 'SeÃ§im', 'Aday', 'AKParti', 'CHP', 'Ä°YÄ°Parti']",False,https://t.co/9ODz5UOngI,http://pbs.twimg.com/profile_images/1581260144947650565/vDp8Xtnf_normal.jpg,False,False,False,True,1
2,turistohaber,"Turisto ile Takip Edin!
Youtube KanalÄ±mÄ±za Abone OlmayÄ± UnutmayÄ±n!ğŸ‘‡",,0,28,459,0,"Meral AkÅŸener: BugÃ¼n Bize MÃ¼slÃ¼manlÄ±k Satanlar Hadi Oradan Be! Yuh Olsun Size! @meral_aksener
.
.
.
#SONDAKIKA #SONDAKÄ°KA
#MeralAkÅŸener #akÅŸener #iyiparti
#dolar #altÄ±n #gÃ¼mÃ¼ÅŸ #borsa
#asgariÃ¼cret #eyt #emekli #maaÅŸ
#seÃ§im #erkenseÃ§im https://t.co/HMxbvdVIMB","['SONDAKIKA', 'SONDAKÄ°KA', 'MeralAkÅŸener', 'akÅŸener', 'iyiparti', 'dolar', 'altÄ±n', 'gÃ¼mÃ¼ÅŸ', 'borsa', 'asgariÃ¼cret', 'eyt', 'emekli', 'maaÅŸ', 'seÃ§im', 'erkenseÃ§im']",False,https://t.co/rUG2NLbYxw,http://pbs.twimg.com/profile_images/1427366034982547456/ebsaS1Rv_normal.jpg,False,False,False,True,1
3,bekiray23,Ankara,TÃ¼rkiye,1116,1331,8813,0,"@korayaydintr @meral_aksener Sizi biliyoruz...
Hdpkk ve CHP size minnettardÄ±r. ğŸ‘ğŸ‘
#Ä°p  #AkÅŸener ve diÄŸer Ã§Ã¼rÃ¼k zerzevatlar #TemelkaramollaoÄŸlu
#Alibabacan 
#DavutoÄŸlu","['Ä°p', 'AkÅŸener', 'TemelkaramollaoÄŸlu', 'Alibabacan', 'DavutoÄŸlu']",False,,http://pbs.twimg.com/profile_images/1536027341922656256/VFmZ3MyE_normal.jpg,False,False,False,True,1
4,dlkrte1,"TÃœRKÄ°YE YÃœZYILI-----                    
SENÄ°NLEYÄ°Z REÄ°S ğŸ‡¹ğŸ‡·
=AKParti+MHP+BBP (+YRP?)",,3107,3045,27821,3,"#yeni #anket seÃ§ildiÄŸinden beri skandallarÄ± bitmeyen, afet dÃ¶neminde keyif, bitmeyen tatiller, yaptÄ±ÄŸÄ± hakaretler, iÅŸe aldÄ±ÄŸÄ± terÃ¶r iltisaklÄ± kiÅŸilerle anÄ±lan cumhurbaÅŸkanlÄ±ÄŸÄ±nÄ± isteyen Ä°BB baÅŸkanÄ± Ekrem Ä°mamoÄŸlu sizce nedir? #metro #iett #iski #yat #balÄ±k #reklam #akÅŸener #hdp","['yeni', 'anket']",False,,http://pbs.twimg.com/profile_images/1492328336173023234/CfhyxaPL_normal.jpg,False,False,False,True,1
5,gcoktan10,@milliyet Muhabiri,"Ä°stanbul, TÃ¼rkiye",1914,1145,2055,0,"Ä°YÄ° Parti Genel BaÅŸkanÄ± Meral AkÅŸener, seÃ§imde Ä°YÄ° Partiâ€™nin birinci parti olacaÄŸÄ±nÄ±, 13. CumhurbaÅŸkanÄ±â€™nÄ±n da Millet Ä°ttifakÄ±â€™nÄ±n adayÄ± olacaÄŸÄ±nÄ± sÃ¶yledi

#iyiparti #akÅŸener #SonDakika #pazartesi #seÃ§im https://t.co/wmTASFj0rr","['iyiparti', 'akÅŸener', 'SonDakika', 'pazartesi', 'seÃ§im']",True,https://t.co/S74Boa2NN0,http://pbs.twimg.com/profile_images/1609928235172732928/n7_7_pgp_normal.jpg,False,False,False,False,0
6,Megahaber1,En iyisini okutabilmek iÃ§in...,,388,75,1805,0,"ErdoÄŸan'dan itiraf gibi aÃ§Ä±klama! AÃ§Ä±k aÃ§Ä±k sÃ¶ylemeye dili varmadÄ±!
Videonun devamÄ±: https://t.co/XqqXaL90a7

#Erdogan #BahÃ§eli #secim2023 #ErkenSecim #seÃ§imtarihi #kilicdaroglu #AkÅŸener #Babacan #DavutoÄŸlu https://t.co/bnkbD8ZgUt","['Erdogan', 'BahÃ§eli', 'secim2023', 'ErkenSecim', 'seÃ§imtarihi', 'kilicdaroglu', 'AkÅŸener', 'Babacan', 'DavutoÄŸlu']",False,https://t.co/h9CFt0zV1w,http://pbs.twimg.com/profile_images/1205432615844687874/M4v5hlZd_normal.jpg,False,False,False,True,1
7,neslihankaya35,"BÃ¼tÃ¼n insanlar suÃ§lu deÄŸildir ama, bÃ¼tÃ¼n hayvanlar masumdur â¤ï¸","EskiÅŸehir, TÃ¼rkiye",103,1490,88789,11,"partim @herkesicinCHPâ€™nin sayÄ±n yÃ¶neticileri;
2023 seÃ§imlerinde Meral AkÅŸener 1.nci parti olacaÄŸÄ±z derken, esasen CHPâ€™yi geride bÄ±rakacaÄŸÄ±z diyor;
partimizde birliÄŸi saÄŸlayamazsanÄ±z #AkÅŸenerâ€™in iddiasÄ± gerÃ§ekleÅŸebilir. bilgilerinize, saygÄ±larÄ±mla.",[],False,,http://pbs.twimg.com/profile_images/1466103336608874496/Ft_iORmc_normal.jpg,False,False,False,True,1
8,iyipartikaragac,Ä°yi Parti ÅarkikaraaÄŸaÃ§ Ä°lÃ§e TeÅŸkilatÄ±,,154,108,1729,18,"Geliyor, geliyor..
AkÅŸener geliyor.
HiÃ§ AkÅŸenerâ€™siz Ä°YÄ° PARTÄ° olur mu? 
#iyiparti #meralalÅŸener #meral_akÅŸener #tÃ¼rkiye #Cumhuriyet #AtatÃ¼rk #gelecek #akÅŸener #Ä±sparta #aylincesur https://t.co/2vcFoKdmjR","['iyiparti', 'meralalÅŸener', 'meral_akÅŸener', 'tÃ¼rkiye']",False,,http://pbs.twimg.com/profile_images/1516296383602515970/r6fT9GeH_normal.jpg,False,False,False,True,1
9,Umutayrolu2,Adam kazandÄ± deÄŸil adama kazandÄ±rÄ±ldÄ± Muharrem Ä°ncenin suÃ§u yok..,,182,177,10573,11,"partim @herkesicinCHPâ€™nin sayÄ±n yÃ¶neticileri;
2023 seÃ§imlerinde Meral AkÅŸener 1.nci parti olacaÄŸÄ±z derken, esasen CHPâ€™yi geride bÄ±rakacaÄŸÄ±z diyor;
partimizde birliÄŸi saÄŸlayamazsanÄ±z #AkÅŸenerâ€™in iddiasÄ± gerÃ§ekleÅŸebilir. bilgilerinize, saygÄ±larÄ±mla.",[],False,,http://pbs.twimg.com/profile_images/1610706301868294181/R2NT2zIg_normal.jpg,False,False,False,True,1
10,kadimTurktarihi,"Bu sayfa, Facebook'taki Kam BilgeliÄŸi IÅŸÄ±ÄŸÄ±nda Kan KardeÅŸliÄŸi Platformumuzla baÄŸlantÄ±lÄ± Twitter sayfasÄ±dÄ±r.",,56,152,1247,0,"4+ mÃ¼mkÃ¼n olmayan Ä°yi Parti ve dolayÄ±sÄ± ile Meral #AkÅŸener'e destek veren  Kemal #KÄ±lÄ±Ã§daroÄŸlu'nun cumhurbaÅŸkanlÄ±ÄŸÄ±nÄ± kesin dille destekleyin.
Yoksa masadaki ""saÄŸ"" aÄŸÄ±rlÄ±k,  ikinci bir Ekmelettin olayÄ± ile o emeklerin ve #dava nÄ±n kaybÄ±na neden olacak.
+5","['AkÅŸener', 'KÄ±lÄ±Ã§daroÄŸlu', 'dava']",False,,http://pbs.twimg.com/profile_images/1545454301144809472/Upc2VX41_normal.jpg,False,False,False,True,1
11,KamilKurt1071,ğŸ‡¹ğŸ‡· ğŸ•‹ ğŸº,"KahramanmaraÅŸ, TÃ¼rkiye",2303,2283,2816,0,"Bayan profilini kullanan erkek: 

#AkÅŸener

Erkek profiline kullanan bayan: 

#Ä°mamoÄŸlu","['AkÅŸener', 'Ä°mamoÄŸlu']",False,,http://pbs.twimg.com/profile_images/1612097831279411202/yuX1caXV_normal.jpg,False,False,False,True,1
12,idem43370857,"(RT, Fav, onayladÄ±ÄŸÄ±m anlamÄ±na gelmez.)
ODALARA, GRUPLARA vblere EKLEMEYÄ°NÄ°Z LÃœTFENâ€¼ï¸
DMâ›”ï¸",,9030,8934,137540,11,"partim @herkesicinCHPâ€™nin sayÄ±n yÃ¶neticileri;
2023 seÃ§imlerinde Meral AkÅŸener 1.nci parti olacaÄŸÄ±z derken, esasen CHPâ€™yi geride bÄ±rakacaÄŸÄ±z diyor;
partimizde birliÄŸi saÄŸlayamazsanÄ±z #AkÅŸenerâ€™in iddiasÄ± gerÃ§ekleÅŸebilir. bilgilerinize, saygÄ±larÄ±mla.",[],False,,http://pbs.twimg.com/profile_images/1604102124631195649/8Z2ym-c7_normal.jpg,False,False,False,True,1
13,KamilKurt1071,ğŸ‡¹ğŸ‡· ğŸ•‹ ğŸº,"KahramanmaraÅŸ, TÃ¼rkiye",2303,2283,2816,0,@nedimsener2010 TÃ¼rkÃ§ede #KALTAK kelimesinin AnlamÄ± nedir acaba #Meral ediyorum? Bir Ã¶rnek verebilir misiniz #AkÅŸener,"['KALTAK', 'Meral', 'AkÅŸener']",False,,http://pbs.twimg.com/profile_images/1612097831279411202/yuX1caXV_normal.jpg,False,False,False,True,1
14,AktasGulperi,"Mustafa Kemal AtatÃ¼rk,Sonsuza kadar izindeyiz.Cumhuriyet,Laik'lik, Demokrasi,AltÄ± ok vazgeÃ§ilmezimiz,DoÄŸaya aÅŸÄ±k,Hayvan sever, SaÄŸlÄ±k Emeklisi,Bir Babaanneyim.","Antalya, TÃ¼rkiye",784,419,4308,11,"partim @herkesicinCHPâ€™nin sayÄ±n yÃ¶neticileri;
2023 seÃ§imlerinde Meral AkÅŸener 1.nci parti olacaÄŸÄ±z derken, esasen CHPâ€™yi geride bÄ±rakacaÄŸÄ±z diyor;
partimizde birliÄŸi saÄŸlayamazsanÄ±z #AkÅŸenerâ€™in iddiasÄ± gerÃ§ekleÅŸebilir. bilgilerinize, saygÄ±larÄ±mla.",[],False,,http://pbs.twimg.com/profile_images/1533093063639310337/2Ku21UNL_normal.jpg,False,False,False,True,1
15,PalaBiyikRak79,"Ben TÃœRK milliyetÃ§isiyim
AKPâ€™ye muhalifim ama 6â€™lÄ± masanÄ±n da karÅŸÄ±sÄ±ndayÄ±mHiÃ§bir partiyle ÅŸu an baÄŸÄ±m yok, Aday olarak Mansur YavaÅŸ destekliyorum",,20989,64671,149338,11,"partim @herkesicinCHPâ€™nin sayÄ±n yÃ¶neticileri;
2023 seÃ§imlerinde Meral AkÅŸener 1.nci parti olacaÄŸÄ±z derken, esasen CHPâ€™yi geride bÄ±rakacaÄŸÄ±z diyor;
partimizde birliÄŸi saÄŸlayamazsanÄ±z #AkÅŸenerâ€™in iddiasÄ± gerÃ§ekleÅŸebilir. bilgilerinize, saygÄ±larÄ±mla.",[],False,,http://pbs.twimg.com/profile_images/1599119132041035776/pTm_9MNg_normal.jpg,False,False,False,True,1
16,SaglikErol,"Gazi Mustafa Kemal ATATÃœRKğŸ‡¹ğŸ‡·
ATA SÄ°YEZ DÄ°YARI MERGÃœZE ğŸ‡¹ğŸ‡·
Ä°hsangazi/KastamonuğŸ‡¹ğŸ‡·","Kastamonu, TÃ¼rkiye",2359,1463,12000,11,"partim @herkesicinCHPâ€™nin sayÄ±n yÃ¶neticileri;
2023 seÃ§imlerinde Meral AkÅŸener 1.nci parti olacaÄŸÄ±z derken, esasen CHPâ€™yi geride bÄ±rakacaÄŸÄ±z diyor;
partimizde birliÄŸi saÄŸlayamazsanÄ±z #AkÅŸenerâ€™in iddiasÄ± gerÃ§ekleÅŸebilir. bilgilerinize, saygÄ±larÄ±mla.",[],False,,http://pbs.twimg.com/profile_images/1396409043544051712/YJuHUHam_normal.jpg,False,False,False,True,1
17,ramazan,Official Account Twitter Ramazan Kabak https://t.co/oRFZ82orpy,"Ä°stanbul, TÃ¼rkiye",68920,120996,25519,1,"#Ä°YÄ°Parti Genel BaÅŸkanÄ± Meral #AkÅŸener, seÃ§im iÃ§in ""birinci parti"" mesajÄ±nÄ± yineledi: ""Elbette AkÅŸener olacak"" 
https://t.co/TA2AoM1T8h","['Ä°YÄ°Parti', 'AkÅŸener']",True,https://t.co/dbZgfX3dca,http://pbs.twimg.com/profile_images/1587764242287153153/bct1OcYM_normal.jpg,False,False,False,False,0
18,Anatolian_haber,"GÃ¼ndemin NabzÄ±, HayatÄ±n TamamÄ±, Objektif Haberlerle YayÄ±ndayÄ±z.","Ä°stanbul, TÃ¼rkiye",0,54,544,1,"#Ä°YÄ°Parti Genel BaÅŸkanÄ± Meral #AkÅŸener, seÃ§im iÃ§in ""birinci parti"" mesajÄ±nÄ± yineledi: ""Elbette AkÅŸener olacak"" 
https://t.co/TA2AoM1T8h","['Ä°YÄ°Parti', 'AkÅŸener']",False,https://t.co/QLOkHGC6ln,http://pbs.twimg.com/profile_images/1609638970673045504/JCP1xLEQ_normal.jpg,False,False,False,True,1
19,mykoyuncu1,Linkaachen,Germany,206,74,8333,4,"â€œNasÄ±l olur da AltÄ±lÄ± Masaâ€™nÄ±n iki gÃ¼Ã§lÃ¼ lideri, #KÄ±lÄ±Ã§daroÄŸlu ve #AkÅŸener, hemen biraraya gelmek yerine basÄ±n aracÄ±lÄ±ÄŸÄ±yla atÄ±ÅŸÄ±râ€ demiÅŸtik Cuma gÃ¼nkÃ¼ #BilanÃ§oâ€™daâ€¦
Nihayet o buluÅŸma, bugÃ¼n gerÃ§ekleÅŸti.ğŸ‘‡
https://t.co/O0gfl5hrKP https://t.co/lCSJq0NFSN","['KÄ±lÄ±Ã§daroÄŸlu', 'AkÅŸener']",False,,http://pbs.twimg.com/profile_images/1217347377671045120/he9UTV2v_normal.jpg,False,False,False,True,1
20,Yafage,MÃ¼lkiyeli-Emekli-Hayvansever,,2264,1219,27138,11,"partim @herkesicinCHPâ€™nin sayÄ±n yÃ¶neticileri;
2023 seÃ§imlerinde Meral AkÅŸener 1.nci parti olacaÄŸÄ±z derken, esasen CHPâ€™yi geride bÄ±rakacaÄŸÄ±z diyor;
partimizde birliÄŸi saÄŸlayamazsanÄ±z #AkÅŸenerâ€™in iddiasÄ± gerÃ§ekleÅŸebilir. bilgilerinize, saygÄ±larÄ±mla.",[],False,,http://pbs.twimg.com/profile_images/1382420920158072832/SM2xy38m_normal.jpg,False,False,False,True,1
21,TvCumhuriyet,Cumhuriyet TV Resmi Twitter hesabÄ±,YouTube kanalÄ±mÄ±za abone olun,8,42422,16472,0,"ğŸ”´ #AkÅŸener: â€œ2010 referandumunu yapmasalardÄ±, o referandumda o maddeler deÄŸiÅŸmeseydi, #FETÃ– 15 Temmuz kalkÄ±ÅŸmasÄ±nÄ± yapamazdÄ±.â€ https://t.co/Y6Tqw5XeC6","['AkÅŸener', 'FETÃ–']",False,https://t.co/OHd2I5M5Hn,http://pbs.twimg.com/profile_images/1471056591088766986/UbfuW-0Y_normal.jpg,False,False,False,True,1
22,Ayhan03110760,,,685,143,62298,11,"partim @herkesicinCHPâ€™nin sayÄ±n yÃ¶neticileri;
2023 seÃ§imlerinde Meral AkÅŸener 1.nci parti olacaÄŸÄ±z derken, esasen CHPâ€™yi geride bÄ±rakacaÄŸÄ±z diyor;
partimizde birliÄŸi saÄŸlayamazsanÄ±z #AkÅŸenerâ€™in iddiasÄ± gerÃ§ekleÅŸebilir. bilgilerinize, saygÄ±larÄ±mla.",[],False,,http://abs.twimg.com/sticky/default_profile_images/default_profile_normal.png,False,False,False,True,1
23,1407Kara,"SÃ¶zÃ¼ sÃ¼sleyerek beni aldatabilirsin, ya kendini,ya Allah'Ä± cc ???",,235,143,14393,3,"#yeni #anket seÃ§ildiÄŸinden beri skandallarÄ± bitmeyen, afet dÃ¶neminde keyif, bitmeyen tatiller, yaptÄ±ÄŸÄ± hakaretler, iÅŸe aldÄ±ÄŸÄ± terÃ¶r iltisaklÄ± kiÅŸilerle anÄ±lan cumhurbaÅŸkanlÄ±ÄŸÄ±nÄ± isteyen Ä°BB baÅŸkanÄ± Ekrem Ä°mamoÄŸlu sizce nedir? #metro #iett #iski #yat #balÄ±k #reklam #akÅŸener #hdp","['yeni', 'anket']",False,,http://pbs.twimg.com/profile_images/1605964519813136384/ckhx0euA_normal.jpg,False,False,False,True,1
24,TimurCAKICI,"Daha iyi insan olma Ã§abasÄ±, felsefe, tarih ve mÃ¼hendislik",TÃ¼rkiye ,369,50,5982,11,"partim @herkesicinCHPâ€™nin sayÄ±n yÃ¶neticileri;
2023 seÃ§imlerinde Meral AkÅŸener 1.nci parti olacaÄŸÄ±z derken, esasen CHPâ€™yi geride bÄ±rakacaÄŸÄ±z diyor;
partimizde birliÄŸi saÄŸlayamazsanÄ±z #AkÅŸenerâ€™in iddiasÄ± gerÃ§ekleÅŸebilir. bilgilerinize, saygÄ±larÄ±mla.",[],False,,http://pbs.twimg.com/profile_images/1261534490201075713/ewcmmFey_normal.jpg,False,False,False,True,1
25,LodosHaber,"TarafsÄ±z, baÄŸÄ±msÄ±z, ilkeli haber",Bursa,664,2975,124906,0,"'Ekrem Ä°mamoÄŸlu, Ä°YÄ° Parti kongresine katÄ±ldÄ±!' https://t.co/Mr7x1NYKoy #ekremimamoÄŸlu #iyiparti #kongre #istanbul #akÅŸener","['ekremimamoÄŸlu', 'iyiparti', 'kongre', 'istanbul', 'akÅŸener']",False,https://t.co/3uSfnu24FQ,http://pbs.twimg.com/profile_images/1515756850800693248/E2vWL4X0_normal.jpg,False,False,False,True,1
26,dawngolden722,"MÃ¼slÃ¼man, TÃ¼rk, vatan,bayrak Ã‡erkez ve BoÅŸnak AKP li,ğŸ‡¹ğŸ‡·ğŸ‡¹ğŸ‡·ğŸ‡¹ğŸ‡·ğŸ‡¹ğŸ‡·",TÃ¼rkiye,4642,4452,3949,3,"#yeni #anket seÃ§ildiÄŸinden beri skandallarÄ± bitmeyen, afet dÃ¶neminde keyif, bitmeyen tatiller, yaptÄ±ÄŸÄ± hakaretler, iÅŸe aldÄ±ÄŸÄ± terÃ¶r iltisaklÄ± kiÅŸilerle anÄ±lan cumhurbaÅŸkanlÄ±ÄŸÄ±nÄ± isteyen Ä°BB baÅŸkanÄ± Ekrem Ä°mamoÄŸlu sizce nedir? #metro #iett #iski #yat #balÄ±k #reklam #akÅŸener #hdp","['yeni', 'anket']",False,,http://pbs.twimg.com/profile_images/1492186945602076678/ilvLOSoB_normal.jpg,False,False,False,True,1
27,vakanuvis02,MilliyetÃ§i-muhafazakar. Din-iman-diyanet-vatan-millet-devlet.,Gaziantep/TÃ¼rkiye,6284,6111,32799,3,"#yeni #anket seÃ§ildiÄŸinden beri skandallarÄ± bitmeyen, afet dÃ¶neminde keyif, bitmeyen tatiller, yaptÄ±ÄŸÄ± hakaretler, iÅŸe aldÄ±ÄŸÄ± terÃ¶r iltisaklÄ± kiÅŸilerle anÄ±lan cumhurbaÅŸkanlÄ±ÄŸÄ±nÄ± isteyen Ä°BB baÅŸkanÄ± Ekrem Ä°mamoÄŸlu sizce nedir? #metro #iett #iski #yat #balÄ±k #reklam #akÅŸener #hdp","['yeni', 'anket', 'metro', 'iett', 'iski', 'yat', 'balÄ±k', 'reklam', 'akÅŸener', 'hdp']",False,,http://pbs.twimg.com/profile_images/1336668913229320199/x477yt4__normal.jpg,False,False,False,True,1
28,PuhuLeyla961,"DÃ¼nya ne ise oydu, ben de ne isem o oldum-uyuÅŸamadÄ±k. Hepsi buâ€¦O.Aruoba

 #MemleketPartisi kurucu Ã¼ye
ğŸ¦ğŸ’›â¤â³",TÃ¼rkiye,6569,7121,68569,11,"partim @herkesicinCHPâ€™nin sayÄ±n yÃ¶neticileri;
2023 seÃ§imlerinde Meral AkÅŸener 1.nci parti olacaÄŸÄ±z derken, esasen CHPâ€™yi geride bÄ±rakacaÄŸÄ±z diyor;
partimizde birliÄŸi saÄŸlayamazsanÄ±z #AkÅŸenerâ€™in iddiasÄ± gerÃ§ekleÅŸebilir. bilgilerinize, saygÄ±larÄ±mla.",[],False,,http://pbs.twimg.com/profile_images/1590114823467139072/QpjGqnvz_normal.jpg,False,False,False,True,1
29,nahronatre,"ISTANBULğŸ‡¹ğŸ‡·#Kemalist,E. BankacÄ±,ğŸ‡¹ğŸ‡·
AÃœ 
Yurtta barÄ±ÅŸ dÃ¼nyada barÄ±ÅŸ 

DoÄŸum tarihi 19 haziran",,2268,1463,39836,11,"partim @herkesicinCHPâ€™nin sayÄ±n yÃ¶neticileri;
2023 seÃ§imlerinde Meral AkÅŸener 1.nci parti olacaÄŸÄ±z derken, esasen CHPâ€™yi geride bÄ±rakacaÄŸÄ±z diyor;
partimizde birliÄŸi saÄŸlayamazsanÄ±z #AkÅŸenerâ€™in iddiasÄ± gerÃ§ekleÅŸebilir. bilgilerinize, saygÄ±larÄ±mla.",[],False,,http://pbs.twimg.com/profile_images/1575744729542688768/xU2yB77M_normal.jpg,False,False,False,True,1
30,s_turpcu,"1993-1995 SHP-CHP Zonguldak Ä°l BaÅŸkanÄ±, 25 ve 26.DÃ¶nem CHP Zonguldak Milletvekili, Mimar (Ä°TÃœ)",       ,1141,49511,36226,11,"partim @herkesicinCHPâ€™nin sayÄ±n yÃ¶neticileri;
2023 seÃ§imlerinde Meral AkÅŸener 1.nci parti olacaÄŸÄ±z derken, esasen CHPâ€™yi geride bÄ±rakacaÄŸÄ±z diyor;
partimizde birliÄŸi saÄŸlayamazsanÄ±z #AkÅŸenerâ€™in iddiasÄ± gerÃ§ekleÅŸebilir. bilgilerinize, saygÄ±larÄ±mla.",['AkÅŸener'],True,,http://pbs.twimg.com/profile_images/971323916227698688/htbn7Haq_normal.jpg,False,False,False,False,0
31,Halil24049406,Spor,,81,141,5084,13,#bizdehayatÃ¶lÃ¼ncerahat    #Erdogan #vedatbilgin #kilicdaroglu #aksener  arkadaslar bastaki bizim hectegimiz.Tum emeklilikte hak talebeden ve haksizliga ugrudagini dusunen 99 sonrasi sgk li dava arkadaslarim.lutfen sadece bu tag altinda hafta sonumuzu degerlendirelim. https://t.co/TFbZRRxCmc,"['bizdehayatÃ¶lÃ¼ncerahat', 'Erdogan', 'vedatbilgin', 'kilicdaroglu', 'aksener']",False,,http://pbs.twimg.com/profile_images/1417769685572112385/AGJbtwfJ_normal.jpg,False,False,False,True,1
32,emre63973894,https://t.co/36zEDJMhPC,,31,51,5782,89,"Bir Arap gazetecinin gÃ¶zÃ¼nden Meral AkÅŸener, MÃ¼slÃ¼manlÄ±k, TÃ¼rklÃ¼k, AraplÄ±k meselesiâ€¦  #aksener https://t.co/WfBi0Uf07u",['aksener'],False,,http://abs.twimg.com/sticky/default_profile_images/default_profile_normal.png,False,False,False,True,1
33,brahimErdemir14,EczacÄ±,"Burdur Merkez, Burdur",154,274,59598,7,"AkÅŸener yine iktidarÄ± hedef aldÄ± 
""Benim dokunulmazlÄ±ÄŸÄ±m yok ben de ahmak dedim""
#AkÅŸener #haber #gÃ¼ndem https://t.co/sJgUmTPG9h","['AkÅŸener', 'haber', 'gÃ¼ndem']",False,,http://pbs.twimg.com/profile_images/1136168409400512512/d-2t0AGQ_normal.jpg,False,False,False,True,1
34,smpyn5,,,70,5,567,0,Milyonlar olarak genel af istiyoruz. 100. YÄ±la tertemiz br sayfa aÃ§mak istiyoruz. #GenelAfbekliyoruz #GenelAf #RTErdogan #DevletBahceli #AdaletBakanlÄ±ÄŸÄ± #kÄ±lÄ±cdarogluk #aksener #BabalaTv,"['GenelAfbekliyoruz', 'GenelAf', 'RTErdogan', 'DevletBahceli', 'AdaletBakanlÄ±ÄŸÄ±', 'kÄ±lÄ±cdarogluk', 'aksener', 'BabalaTv']",False,,http://pbs.twimg.com/profile_images/1429184616146083848/FBF9SsOG_normal.jpg,False,False,False,True,1
35,SevalNL18,,,705,558,19046,2,"#secim2023'de #AkÅŸener kazandÄ± diyelim... 

#MeralAkÅŸener'in desteklediÄŸi Milletin baÅŸÄ±na BelÃ¢ edilen #kadÄ±nÄ±n  BeyanÄ± esastÄ±r 6284 kanunu kÃ¶tÃ¼ye kullanarak...

#psikolojikÅŸiddet #EkonomikÅiddet gÃ¶rÃ¼yorum diyerek #altÄ±lÄ±masa'nÄ±n erkeklerine uzaklaÅŸtÄ±rma alÄ±rsa neler olur?","['secim2023', 'AkÅŸener', 'MeralAkÅŸener', 'kadÄ±nÄ±n']",False,,http://pbs.twimg.com/profile_images/1609670520131272705/8na4wBGX_normal.jpg,False,False,False,True,1
36,kemal_ksv,Bizim DAVAR larla iÅŸimiz olmaz ğŸ¤” bizim iÅŸimiz (DAVAAA)ğŸ‡¹ğŸ‡·ğŸ‡¹ğŸ‡·ğŸ‡¹ğŸ‡·,,622,563,6931,1,"DÃ¶nÃ¼yor dÃ¶nmekte olan. :))
#kilicdaroglu 
#AkÅŸener
#imamoÄŸlu https://t.co/d6qGyJgRI9","['kilicdaroglu', 'AkÅŸener', 'imamoÄŸlu']",False,,http://pbs.twimg.com/profile_images/1573813064020987905/ZGIMTZlK_normal.jpg,False,False,False,True,1
37,tasdemir_mevlut,,"Ä°zmir, TÃ¼rkiye",40,903,1779,13,"AÃ§Ä±lÄ±ÅŸÄ± yeni yapÄ±lan M8 BostancÄ±-Dudullu metrosunda fÄ±kra gibi diyalogâ€¦

#Ä°mamoÄŸlu: â€œBu sÃ¼rÃ¼cÃ¼sÃ¼z metroâ€
#KÄ±lÄ±Ã§daroÄŸlu: â€œDurma iÅŸi nasÄ±l oluyor?â€
Ä°mamoÄŸlu: â€œOtomatik kapÄ± var, gelince aÃ§Ä±lÄ±yorâ€
#AkÅŸener:â€Ã‡ok gÃ¼zel, Parisâ€™tekiler gibi ha.â€

#haber #gÃ¼ndem https://t.co/iwSz3K1vyy","['Ä°mamoÄŸlu', 'KÄ±lÄ±Ã§daroÄŸlu']",False,,http://pbs.twimg.com/profile_images/1527916380623974400/rXck31KV_normal.jpg,False,False,False,True,1
38,halidi_ziyai,"Hakk TeÃ¢lÃ¢'nÄ±n aÃ§mÄ±ÅŸ olduÄŸu kapuyu kapamaÄŸa ve kapamÄ±ÅŸ olduÄŸu kapuyu dahÃ® aÃ§maÄŸa kimsenin gÃ¼cÃ¼ yetmez.
RisÃ¢le-i BahÃ¢iyye, Tab'Ä± 1319, sh. 117",,184,345,20041,89,"Bir Arap gazetecinin gÃ¶zÃ¼nden Meral AkÅŸener, MÃ¼slÃ¼manlÄ±k, TÃ¼rklÃ¼k, AraplÄ±k meselesiâ€¦  #aksener https://t.co/WfBi0Uf07u",['aksener'],False,https://t.co/fS54vpCLei,http://pbs.twimg.com/profile_images/1241446734364057608/MSxDNhz6_normal.jpg,False,False,False,True,1
39,kanaryamabir,,,71,41,363,13,#bizdehayatÃ¶lÃ¼ncerahat    #Erdogan #vedatbilgin #kilicdaroglu #aksener  arkadaslar bastaki bizim hectegimiz.Tum emeklilikte hak talebeden ve haksizliga ugrudagini dusunen 99 sonrasi sgk li dava arkadaslarim.lutfen sadece bu tag altinda hafta sonumuzu degerlendirelim. https://t.co/TFbZRRxCmc,"['bizdehayatÃ¶lÃ¼ncerahat', 'Erdogan', 'vedatbilgin', 'kilicdaroglu', 'aksener']",False,,http://abs.twimg.com/sticky/default_profile_images/default_profile_normal.png,False,False,False,True,1
40,ilimlevebilimle,"ğŸ‡¹ğŸ‡·TÃœRKLER, bilime gereken Ã¶nemi verdikÃ§e Ã¶nlenemez yÃ¼kseliÅŸinin karÅŸÄ±nda hiÃ§ bir gÃ¼Ã§ duramaz.ğŸ‡¹ğŸ‡·â™ï¸ ğ°€ğ±ƒğ°€ğ±ƒğ°‡ğ°ºğ°œ",Ä°stanbul Ãœniversitesi Felsefe,4751,2250,413323,1,"Gazeteci Ä°smail Saymaz: ""Ekrem Ä°mamoÄŸlu, Ä°YÄ° Partiâ€™nin yarÄ±nki Ä°stanbul Ä°l Kongresi'nde konuÅŸma yapacak.""

#imamoÄŸlu #iyiparti #akÅŸener #haber",['imamoÄŸlu'],False,,http://pbs.twimg.com/profile_images/977290979874045952/ietNC9NM_normal.jpg,False,False,False,True,1
41,polhaber,"| 'KÄ±sa ve doÄŸru haber' | https://t.co/bofML71nji 
@polradyo - @poltvspor",TÃ¼rkiye,2,323,2737,1,"Gazeteci Ä°smail Saymaz: ""Ekrem Ä°mamoÄŸlu, Ä°YÄ° Partiâ€™nin yarÄ±nki Ä°stanbul Ä°l Kongresi'nde konuÅŸma yapacak.""

#imamoÄŸlu #iyiparti #akÅŸener #haber","['imamoÄŸlu', 'iyiparti', 'akÅŸener', 'haber']",False,https://t.co/dTid0gVONs,http://pbs.twimg.com/profile_images/1610304758895476738/FPgswfpW_normal.jpg,False,False,False,True,1
42,_NihatCelik_,"#painter, (half)poet and #photo ( #wildflowers ), 
#ressam, (yarÄ±) #ÅŸair ve #kÄ±rÃ§iÃ§ekleri  
#Kunstmaler, Halbpoet und #Wildblumen 
https://t.co/RAnufsVILW","Frankfurt am Main, Deutschland",1166,2943,4983,0,"#narlÄ±dere #DiyarbakÄ±r
#SinanATESicinAdalet
#Urlaub #Frankfurt 

HiÃ§ kimseye kará¹£Ä± deÄŸilim ama milleti kandÄ±ran á¹£eytanlar  iÄŸrenÃ§! #BahÃ§eli, #AkÅŸener ve #AÄŸar Ermeni ve TÃ¼rk Faá¹£ist Lideri oynuyorlar, komik!

HiÃ§ kimse bir yerlere gelmiyor, getiriliyor
https://t.co/pWNuOAHYVk","['narlÄ±dere', 'DiyarbakÄ±r', 'SinanATESicinAdalet', 'Urlaub', 'Frankfurt', 'BahÃ§eli', 'AkÅŸener', 'AÄŸar']",False,https://t.co/lGsMpdBoJu,http://pbs.twimg.com/profile_images/1334224450498269184/ZXF81d5L_normal.jpg,False,False,False,True,1
43,YaarTun16,"ğŸ‡¹ğŸ‡·ğŸ‡¹ğŸ‡·ğŸ‡¹ğŸ‡·ğŸ‘ğŸğŸ‘ğŸ‡¹ğŸ‡·ğŸ‡¹ğŸ‡·ğŸ‡¹ğŸ‡·â“‡â“‰
â­â“‹â“â“£â“â“â“˜â“œ  â­â“â“¢â“šâ“˜â“œ â“¢â“”â“¥â““â“â“œâ­â“‰â“¤â“¡â“šâ“˜â“¨â“”â“œ ğŸ’¯ğŸ”´â¤ğŸ”´",MANÄ°SAğŸ‡¹ğŸ‡·,6990,8787,41346,2,MumlarÄ± yatsÄ±ya kadar yanan yalancÄ±lar: @ekrem_imamoglu @kilicdarogluk @meral_aksener #metro #istanbul #IBB #CHP #secim2023 #seÃ§im #imamoÄŸlu #kilicdaroglu #kÄ±lÄ±Ã§daroÄŸlu #akÅŸener https://t.co/4Nt6JZgPOI,"['metro', 'istanbul', 'IBB', 'CHP', 'secim2023']",False,,http://pbs.twimg.com/profile_images/1596968885336645633/tg0B_jJ-_normal.jpg,False,False,False,True,1
44,dere_koylu,H E Y  G Ä° D Ä°  G Ãœ N L E R ğŸ‡¹ğŸ‡· ğŸ‡¹ğŸ‡· ğŸ‡¹ğŸ‡·,K A R A D E N Ä° Z,2764,2276,13892,2,"#secim2023'de #AkÅŸener kazandÄ± diyelim... 

#MeralAkÅŸener'in desteklediÄŸi Milletin baÅŸÄ±na BelÃ¢ edilen #kadÄ±nÄ±n  BeyanÄ± esastÄ±r 6284 kanunu kÃ¶tÃ¼ye kullanarak...

#psikolojikÅŸiddet #EkonomikÅiddet gÃ¶rÃ¼yorum diyerek #altÄ±lÄ±masa'nÄ±n erkeklerine uzaklaÅŸtÄ±rma alÄ±rsa neler olur?","['secim2023', 'AkÅŸener', 'MeralAkÅŸener', 'kadÄ±nÄ±n']",False,,http://pbs.twimg.com/profile_images/1528651534581522432/K4Uo6nht_normal.jpg,False,False,False,True,1
45,dere_beyi_1907,A D A L E T ğŸ‡¹ğŸ‡· H E R K E S E ğŸ‡¹ğŸ‡· E Å Ä° T M Ä° ?,M E M L E K E TğŸ‡¹ğŸ‡·ğŸ‡¹ğŸ‡·,4370,3446,49560,2,"#secim2023'de #AkÅŸener kazandÄ± diyelim... 

#MeralAkÅŸener'in desteklediÄŸi Milletin baÅŸÄ±na BelÃ¢ edilen #kadÄ±nÄ±n  BeyanÄ± esastÄ±r 6284 kanunu kÃ¶tÃ¼ye kullanarak...

#psikolojikÅŸiddet #EkonomikÅiddet gÃ¶rÃ¼yorum diyerek #altÄ±lÄ±masa'nÄ±n erkeklerine uzaklaÅŸtÄ±rma alÄ±rsa neler olur?","['secim2023', 'AkÅŸener', 'MeralAkÅŸener', 'kadÄ±nÄ±n', 'psikolojikÅŸiddet', 'EkonomikÅiddet', 'altÄ±lÄ±masa']",False,,http://pbs.twimg.com/profile_images/1528657107607859202/WGlg2xXc_normal.jpg,False,False,False,True,1
46,osmanmalkoc45,,,285,790,740834,7,"AkÅŸener yine iktidarÄ± hedef aldÄ± 
""Benim dokunulmazlÄ±ÄŸÄ±m yok ben de ahmak dedim""
#AkÅŸener #haber #gÃ¼ndem https://t.co/sJgUmTPG9h","['AkÅŸener', 'haber', 'gÃ¼ndem']",False,,http://pbs.twimg.com/profile_images/797832150724804608/ZK1iuaqf_normal.jpg,False,False,False,True,1
47,Sevgideniz1996,Journalist ğŸ“ŒMuhabirğŸ“ğŸ¤,Ä°stanbul,166,116,200,7,"AkÅŸener yine iktidarÄ± hedef aldÄ± 
""Benim dokunulmazlÄ±ÄŸÄ±m yok ben de ahmak dedim""
#AkÅŸener #haber #gÃ¼ndem https://t.co/sJgUmTPG9h","['AkÅŸener', 'haber', 'gÃ¼ndem']",False,,http://pbs.twimg.com/profile_images/1423429852342915075/eJW7SPmd_normal.jpg,False,False,False,True,1
48,NmtLyLa1,"ÃœlkÃ¼cÃ¼ Hareketin Bir Neferi 
â€¢ ğŸ‡¹ğŸ‡· â˜ªï¸ ğ±…ğ°‡ğ°¼ğ°œ â˜ªï¸ ğŸ‡¹ğŸ‡· â€¢
Siyaset, Medya, Ekonomi, Haber, Spor.","Mersin, TÃ¼rkiyeğŸŒ´ğŸ‹",8256,8344,12752,1,"DÃ¶nÃ¼yor dÃ¶nmekte olan. :))
#kilicdaroglu 
#AkÅŸener
#imamoÄŸlu https://t.co/d6qGyJgRI9","['kilicdaroglu', 'AkÅŸener', 'imamoÄŸlu']",False,,http://pbs.twimg.com/profile_images/1590714600332435456/2vcaSJQr_normal.jpg,False,False,False,True,1
49,Hasancakar45,,,344,275,2590,9,"SADECE SORUYORUM â‰ï¸

Neden @meral_aksener 15 Temmuz Ã¶ncesi ""yurtta sulh cihanda sulh"" sÃ¶zlerini ikde bir sÃ¶ylerken, darbe gercekleÅŸmeyince bir daha sÃ¶ylemedi dersiniz?

LÃ¼tfen soruyu videoyu izledikden sonra cevaplayin.

#Meral #Aksener #15Temmuz #IYIParti #IYIgelecek #IYIklulis https://t.co/X347Q80qIg",[],False,,http://pbs.twimg.com/profile_images/1546739800471896064/we24azct_normal.jpg,False,False,False,True,1
50,Halil06645563,Maturidi Hanefi,"Antalya kepez, Korkuteli ",714,195,738,89,"Bir Arap gazetecinin gÃ¶zÃ¼nden Meral AkÅŸener, MÃ¼slÃ¼manlÄ±k, TÃ¼rklÃ¼k, AraplÄ±k meselesiâ€¦  #aksener https://t.co/WfBi0Uf07u",['aksener'],False,,http://pbs.twimg.com/profile_images/1579127698521313287/mrZAAMXY_normal.jpg,False,False,False,True,1
51,Kt17875299,"hayat benim iÃ§in sÃ¼rgÃ¼nlerden ibaret, vede ozlemlerden. Dersim/izmir",,290,69,4562,0,"#akÅŸener hiÃ§ ÅŸaÅŸÄ±rtmadÄ±, ikinci turda tayip le yarÄ±ÅŸsa yine vermem oyumu. Bu kadÄ±n bakan iken olmadÄ±mÄ± onca cinayet faili meÃ§hul.",['akÅŸener'],False,,http://pbs.twimg.com/profile_images/1481367486243160067/scCyjQBV_normal.jpg,False,False,False,True,1
52,baykoc10,,,14,1,30,0,"DemirtaÅŸ 'in hapse atÄ±lmasÄ±na sebep olan KÄ±lÄ±Ã§daroglu bu seÃ§imi  kazanmak yada kazandÄ±rmak zorunda. 
Not: Bir CHP'li 
#Babacan 
#DavutoÄŸlu 
#Aksener 
Pervin Buldan.
Muharrem sen bi sus ya bi sus. 
Hapisteki Selahattin DemirtaÅŸ kadar faydan yok Ã¼lkeye.","['Babacan', 'DavutoÄŸlu', 'Aksener']",False,,http://abs.twimg.com/sticky/default_profile_images/default_profile_normal.png,False,False,False,True,1
53,gariban47606852,,,34,21,915,89,"Bir Arap gazetecinin gÃ¶zÃ¼nden Meral AkÅŸener, MÃ¼slÃ¼manlÄ±k, TÃ¼rklÃ¼k, AraplÄ±k meselesiâ€¦  #aksener https://t.co/WfBi0Uf07u",['aksener'],False,,http://pbs.twimg.com/profile_images/1373284196978921479/HBWjuQGs_normal.jpg,False,False,False,True,1
54,CoskunErmis4,,,18,27,268,13,#bizdehayatÃ¶lÃ¼ncerahat    #Erdogan #vedatbilgin #kilicdaroglu #aksener  arkadaslar bastaki bizim hectegimiz.Tum emeklilikte hak talebeden ve haksizliga ugrudagini dusunen 99 sonrasi sgk li dava arkadaslarim.lutfen sadece bu tag altinda hafta sonumuzu degerlendirelim. https://t.co/TFbZRRxCmc,"['bizdehayatÃ¶lÃ¼ncerahat', 'Erdogan', 'vedatbilgin', 'kilicdaroglu', 'aksener']",False,,http://pbs.twimg.com/profile_images/1534604988110065665/ca-zD01e_normal.jpg,False,False,False,True,1
55,CarikliBahadir,"â¬‡ï¸Ğº0ĞœĞ¿40 ĞĞ¸Ğ°4Ä°zâ¬‡ï¸
Ä°cmÃ¢-i analiz & KÄ±yÃ¢s-Ä± vakÄ±a 
II. Ä°STÄ°KLÃ‚L HARBÄ°!
#NOT_ALIN_LTFN
#OYUN_BÃœYÃœK
[M. YazÄ±cÄ±oÄŸlu {REÄ°S} R.T.E./BahÃ§eli]
HEDEF 2023 & 2053 & 2071","Lahey, ICC/UCM ",595,1525,190202,7,"AkÅŸener yine iktidarÄ± hedef aldÄ± 
""Benim dokunulmazlÄ±ÄŸÄ±m yok ben de ahmak dedim""
#AkÅŸener #haber #gÃ¼ndem https://t.co/sJgUmTPG9h","['AkÅŸener', 'haber', 'gÃ¼ndem']",False,,http://pbs.twimg.com/profile_images/1217619609517461504/47aMadiu_normal.jpg,False,False,False,True,1
56,HumanRights_100,Ã–zgÃ¼r Ä°nsanlÄ±k Ä°Ã§in,,39,28,3536,13,"AÃ§Ä±lÄ±ÅŸÄ± yeni yapÄ±lan M8 BostancÄ±-Dudullu metrosunda fÄ±kra gibi diyalogâ€¦

#Ä°mamoÄŸlu: â€œBu sÃ¼rÃ¼cÃ¼sÃ¼z metroâ€
#KÄ±lÄ±Ã§daroÄŸlu: â€œDurma iÅŸi nasÄ±l oluyor?â€
Ä°mamoÄŸlu: â€œOtomatik kapÄ± var, gelince aÃ§Ä±lÄ±yorâ€
#AkÅŸener:â€Ã‡ok gÃ¼zel, Parisâ€™tekiler gibi ha.â€

#haber #gÃ¼ndem https://t.co/iwSz3K1vyy","['Ä°mamoÄŸlu', 'KÄ±lÄ±Ã§daroÄŸlu']",False,,http://pbs.twimg.com/profile_images/1556284104949338112/w0So-_2q_normal.png,False,False,False,True,1
57,demokratgundem,Siyaset ve hak haberlerinin yanÄ± sÄ±ra 'Bir BuÃ§uk Derece' adlÄ± podcast yayÄ±nlarÄ±mÄ±zda Ã§evre-iklim sorunlarÄ±nÄ± da konuÅŸuyoruz... ğŸŒ¿,Ä°zmir,338,2952,46538,0,"#AkÅŸener Ege'den seslendi: 'Kendi gÃ¼cÃ¼mÃ¼zle birinci parti Ã§Ä±kacaÄŸÄ±z'
https://t.co/vHTlPxjIC6 ++ #mugla #Secim 
ğŸ“Œ'SEÃ‡Ä°MÄ° Ä°PTAL ETTÄ°LER, 800 BÄ°N OY FARK ATTIK' https://t.co/itRCxEoiOu","['AkÅŸener', 'mugla', 'Secim']",False,https://t.co/gDYCjKFVqf,http://pbs.twimg.com/profile_images/1445298846561705989/qSsrcdxa_normal.jpg,False,False,False,True,1
58,caddetvtr,"ğŸ“º ğŸ”—https://t.co/vWMrw7NgWR 
ğŸ“± ğŸ”—https://t.co/buXgUig5Bu 
ğŸ“· ğŸ”—https://t.co/CnHpmZpKf6 
ğŸ“° ğŸ”—https://t.co/QLhhNEGKT4",,1,3388,1090,1,"ğŸ—£ï¸MERAL AKÅENER MUÄLAâ€™DA KONUÅTU:â€œBÄ°RÄ°NCÄ° PARTÄ° Ã‡IKACAÄIZ, BEN DE BAÅBAKAN OLACAÄIMâ€

""Birinci parti Ã§Ä±kacaÄŸÄ±z ve ben de baÅŸbakan olacaÄŸÄ±m. Onunlu, bununla anlaÅŸarak deÄŸil, onunla bununla kapÄ± arkalarÄ±nda ahbaplÄ±k ederek deÄŸil, ondan bundan bir ÅŸey isteyerek deÄŸil...""

#akÅŸener https://t.co/F498bTu8w6",['akÅŸener'],False,,http://pbs.twimg.com/profile_images/1596467205167882241/spe62M_a_normal.jpg,False,False,False,True,1
59,polhaber,"| 'KÄ±sa ve doÄŸru haber' | https://t.co/bofML71nji 
@polradyo - @poltvspor",TÃ¼rkiye,2,323,2737,0,"Ä°YÄ° Parti Genel BaÅŸkanÄ± Meral AkÅŸener: ""Birinci parti Ã§Ä±kacaÄŸÄ±z. Ben de BaÅŸbakan olacaÄŸÄ±m.""

#akÅŸener #iyiparti #milletittifakÄ± #baÅŸbakan #haber https://t.co/URwOPuJfRf","['akÅŸener', 'iyiparti', 'milletittifakÄ±', 'baÅŸbakan', 'haber']",False,https://t.co/dTid0gVONs,http://pbs.twimg.com/profile_images/1610304758895476738/FPgswfpW_normal.jpg,False,False,False,True,1
60,VahitTapbas,Ã§iftÃ§i,"Adana, TÃ¼rkiye",3068,2683,39651,2,MumlarÄ± yatsÄ±ya kadar yanan yalancÄ±lar: @ekrem_imamoglu @kilicdarogluk @meral_aksener #metro #istanbul #IBB #CHP #secim2023 #seÃ§im #imamoÄŸlu #kilicdaroglu #kÄ±lÄ±Ã§daroÄŸlu #akÅŸener https://t.co/4Nt6JZgPOI,"['metro', 'istanbul', 'IBB', 'CHP', 'secim2023']",False,,http://pbs.twimg.com/profile_images/1526166310689943553/g5_8qJ9B_normal.jpg,False,False,False,True,1
61,t_flower_g,,,1239,1047,2527,2,MumlarÄ± yatsÄ±ya kadar yanan yalancÄ±lar: @ekrem_imamoglu @kilicdarogluk @meral_aksener #metro #istanbul #IBB #CHP #secim2023 #seÃ§im #imamoÄŸlu #kilicdaroglu #kÄ±lÄ±Ã§daroÄŸlu #akÅŸener https://t.co/4Nt6JZgPOI,"['metro', 'istanbul', 'IBB', 'CHP', 'secim2023', 'seÃ§im', 'imamoÄŸlu', 'kilicdaroglu', 'kÄ±lÄ±Ã§daroÄŸlu', 'akÅŸener']",False,,http://pbs.twimg.com/profile_images/1601332375337766915/6wFvQ7-8_normal.jpg,False,False,False,True,1
62,nECEL1924,ALLAH bilir,,192,69,629,13,"AÃ§Ä±lÄ±ÅŸÄ± yeni yapÄ±lan M8 BostancÄ±-Dudullu metrosunda fÄ±kra gibi diyalogâ€¦

#Ä°mamoÄŸlu: â€œBu sÃ¼rÃ¼cÃ¼sÃ¼z metroâ€
#KÄ±lÄ±Ã§daroÄŸlu: â€œDurma iÅŸi nasÄ±l oluyor?â€
Ä°mamoÄŸlu: â€œOtomatik kapÄ± var, gelince aÃ§Ä±lÄ±yorâ€
#AkÅŸener:â€Ã‡ok gÃ¼zel, Parisâ€™tekiler gibi ha.â€

#haber #gÃ¼ndem https://t.co/iwSz3K1vyy","['Ä°mamoÄŸlu', 'KÄ±lÄ±Ã§daroÄŸlu']",False,,http://pbs.twimg.com/profile_images/1505277024457342979/rOKOO9Fr_normal.jpg,False,False,False,True,1
63,esn_unl,,,266,465,23009,13,"AÃ§Ä±lÄ±ÅŸÄ± yeni yapÄ±lan M8 BostancÄ±-Dudullu metrosunda fÄ±kra gibi diyalogâ€¦

#Ä°mamoÄŸlu: â€œBu sÃ¼rÃ¼cÃ¼sÃ¼z metroâ€
#KÄ±lÄ±Ã§daroÄŸlu: â€œDurma iÅŸi nasÄ±l oluyor?â€
Ä°mamoÄŸlu: â€œOtomatik kapÄ± var, gelince aÃ§Ä±lÄ±yorâ€
#AkÅŸener:â€Ã‡ok gÃ¼zel, Parisâ€™tekiler gibi ha.â€

#haber #gÃ¼ndem https://t.co/iwSz3K1vyy","['Ä°mamoÄŸlu', 'KÄ±lÄ±Ã§daroÄŸlu']",False,,http://pbs.twimg.com/profile_images/1611718630969860097/RIvMCUbn_normal.jpg,False,False,False,True,1
64,ensarZiyaiyye,,,89,318,13316,89,"Bir Arap gazetecinin gÃ¶zÃ¼nden Meral AkÅŸener, MÃ¼slÃ¼manlÄ±k, TÃ¼rklÃ¼k, AraplÄ±k meselesiâ€¦  #aksener https://t.co/WfBi0Uf07u",['aksener'],False,,http://pbs.twimg.com/profile_images/873633135854059520/ivWm9TUi_normal.jpg,False,False,False,True,1
65,Hamza143738514,"HafÄ±za-i beÅŸer nisyan ile malÃ¼ldÃ¼r, yani insan unutur...

#BirSilersinMilyonYazarÄ±z â€¼",,1347,1087,133992,7,"AkÅŸener yine iktidarÄ± hedef aldÄ± 
""Benim dokunulmazlÄ±ÄŸÄ±m yok ben de ahmak dedim""
#AkÅŸener #haber #gÃ¼ndem https://t.co/sJgUmTPG9h","['AkÅŸener', 'haber', 'gÃ¼ndem']",False,,http://pbs.twimg.com/profile_images/1584107058558865408/G31xnQKo_normal.jpg,False,False,False,True,1
66,Hasancakar45,,,344,275,2590,2,"#yeni #anket #altÄ±lÄ±masanÄ±n adayÄ± cumhurbaÅŸkanlÄ±ÄŸÄ± seÃ§imini kazanÄ±r, cumhurbaÅŸkanÄ± olursa, aldÄ±ÄŸÄ± kararlarÄ± #altÄ±lÄ±masaya onaylattÄ±ktan sonra, uygulayacakmÄ±ÅŸ. Bir bakÄ±ma altÄ±lÄ±masanÄ±n memuru olacak. Tepkiniz nedir? #DavutoÄŸlu #kÄ±lÄ±Ã§daroÄŸlu #akÅŸener #babacan #uysal #karamollaoÄŸlu","['yeni', 'anket', 'altÄ±lÄ±masanÄ±n', 'altÄ±lÄ±masaya']",False,,http://pbs.twimg.com/profile_images/1546739800471896064/we24azct_normal.jpg,False,False,False,True,1
67,sevgi_fan,"Sevgi Deniz'in Ä°lk Fan HesabÄ± 
Resmi Hesap:@Sevgideniz1996
Ä°nstagram HesabÄ±mÄ±z:https://t.co/lYTB7MacLH",,2,2,59,7,"AkÅŸener yine iktidarÄ± hedef aldÄ± 
""Benim dokunulmazlÄ±ÄŸÄ±m yok ben de ahmak dedim""
#AkÅŸener #haber #gÃ¼ndem https://t.co/sJgUmTPG9h","['AkÅŸener', 'haber', 'gÃ¼ndem']",False,,http://pbs.twimg.com/profile_images/1607497219237634048/IAw-RlPr_normal.jpg,False,False,False,True,1
68,mahmutgozutok,,"Bursa, TÃ¼rkiye",339,126,21494,7,"AkÅŸener yine iktidarÄ± hedef aldÄ± 
""Benim dokunulmazlÄ±ÄŸÄ±m yok ben de ahmak dedim""
#AkÅŸener #haber #gÃ¼ndem https://t.co/sJgUmTPG9h","['AkÅŸener', 'haber', 'gÃ¼ndem']",False,,http://pbs.twimg.com/profile_images/1374658078243762176/N-qhl3AA_normal.jpg,False,False,False,True,1
69,vakanuvis02,MilliyetÃ§i-muhafazakar. Din-iman-diyanet-vatan-millet-devlet.,Gaziantep/TÃ¼rkiye,6284,6111,32799,2,"#yeni #anket #altÄ±lÄ±masanÄ±n adayÄ± cumhurbaÅŸkanlÄ±ÄŸÄ± seÃ§imini kazanÄ±r, cumhurbaÅŸkanÄ± olursa, aldÄ±ÄŸÄ± kararlarÄ± #altÄ±lÄ±masaya onaylattÄ±ktan sonra, uygulayacakmÄ±ÅŸ. Bir bakÄ±ma altÄ±lÄ±masanÄ±n memuru olacak. Tepkiniz nedir? #DavutoÄŸlu #kÄ±lÄ±Ã§daroÄŸlu #akÅŸener #babacan #uysal #karamollaoÄŸlu","['yeni', 'anket', 'altÄ±lÄ±masanÄ±n', 'altÄ±lÄ±masaya', 'DavutoÄŸlu', 'kÄ±lÄ±Ã§daroÄŸlu', 'akÅŸener', 'babacan', 'uysal', 'karamollaoÄŸlu']",False,,http://pbs.twimg.com/profile_images/1336668913229320199/x477yt4__normal.jpg,False,False,False,True,1
70,ulketv,CanlÄ± YayÄ±n Linki: https://t.co/DKnUv56gaL https://t.co/N5swWlKgou https://t.co/RWHtAbeSHM https://t.co/vZKNnXa1q7,TÃ¼rkiye,22,458195,79675,7,"AkÅŸener yine iktidarÄ± hedef aldÄ± 
""Benim dokunulmazlÄ±ÄŸÄ±m yok ben de ahmak dedim""
#AkÅŸener #haber #gÃ¼ndem https://t.co/sJgUmTPG9h","['AkÅŸener', 'haber', 'gÃ¼ndem']",True,https://t.co/zH3E16F0Bp,http://pbs.twimg.com/profile_images/539429569107722241/aPcsB4ji_normal.jpeg,False,False,False,False,0
71,Salihyilmaz1441,ALLAHUEKBER,,3874,1601,10917,89,"Bir Arap gazetecinin gÃ¶zÃ¼nden Meral AkÅŸener, MÃ¼slÃ¼manlÄ±k, TÃ¼rklÃ¼k, AraplÄ±k meselesiâ€¦  #aksener https://t.co/WfBi0Uf07u",['aksener'],False,,http://pbs.twimg.com/profile_images/1603814541514752013/UJaA972c_normal.jpg,False,False,False,True,1
72,SatuTepetam,,,29,33,7432,13,"AÃ§Ä±lÄ±ÅŸÄ± yeni yapÄ±lan M8 BostancÄ±-Dudullu metrosunda fÄ±kra gibi diyalogâ€¦

#Ä°mamoÄŸlu: â€œBu sÃ¼rÃ¼cÃ¼sÃ¼z metroâ€
#KÄ±lÄ±Ã§daroÄŸlu: â€œDurma iÅŸi nasÄ±l oluyor?â€
Ä°mamoÄŸlu: â€œOtomatik kapÄ± var, gelince aÃ§Ä±lÄ±yorâ€
#AkÅŸener:â€Ã‡ok gÃ¼zel, Parisâ€™tekiler gibi ha.â€

#haber #gÃ¼ndem https://t.co/iwSz3K1vyy","['Ä°mamoÄŸlu', 'KÄ±lÄ±Ã§daroÄŸlu']",False,,http://pbs.twimg.com/profile_images/1535527486368489475/xJQu-5cc_normal.png,False,False,False,True,1
73,selametden,,,954,495,4089,89,"Bir Arap gazetecinin gÃ¶zÃ¼nden Meral AkÅŸener, MÃ¼slÃ¼manlÄ±k, TÃ¼rklÃ¼k, AraplÄ±k meselesiâ€¦  #aksener https://t.co/WfBi0Uf07u",['aksener'],False,,http://pbs.twimg.com/profile_images/1404115485181059079/Ew6sKc33_normal.jpg,False,False,False,True,1
74,Hasangztok16,altaylar Ã–tÃ¼ken Erzurum,,375,221,6926,13,"AÃ§Ä±lÄ±ÅŸÄ± yeni yapÄ±lan M8 BostancÄ±-Dudullu metrosunda fÄ±kra gibi diyalogâ€¦

#Ä°mamoÄŸlu: â€œBu sÃ¼rÃ¼cÃ¼sÃ¼z metroâ€
#KÄ±lÄ±Ã§daroÄŸlu: â€œDurma iÅŸi nasÄ±l oluyor?â€
Ä°mamoÄŸlu: â€œOtomatik kapÄ± var, gelince aÃ§Ä±lÄ±yorâ€
#AkÅŸener:â€Ã‡ok gÃ¼zel, Parisâ€™tekiler gibi ha.â€

#haber #gÃ¼ndem https://t.co/iwSz3K1vyy","['Ä°mamoÄŸlu', 'KÄ±lÄ±Ã§daroÄŸlu']",False,,http://pbs.twimg.com/profile_images/1606188384195690496/oguQcI5U_normal.jpg,False,False,False,True,1
75,Kocaman15Zkan,"Allah'Ä±n kulu

Davalar acÄ±lar iÃ§inde doÄŸar,
Refah iÃ§inde Ã¶lÃ¼r...Aliya izetbegovic.

la ilahe illallah Muhammeden rasullullah
Allah'tan baÅŸka ilah yoktur..",,37,59,625,0,"Geri zekalÄ± beyin fukaralari izlesin
#aksener https://t.co/HYQAJM0JS5",['aksener'],False,,http://pbs.twimg.com/profile_images/1580451881909903365/AlmcHIZG_normal.jpg,False,False,False,True,1
76,hiranur1959,,,671,690,12728,13,"AÃ§Ä±lÄ±ÅŸÄ± yeni yapÄ±lan M8 BostancÄ±-Dudullu metrosunda fÄ±kra gibi diyalogâ€¦

#Ä°mamoÄŸlu: â€œBu sÃ¼rÃ¼cÃ¼sÃ¼z metroâ€
#KÄ±lÄ±Ã§daroÄŸlu: â€œDurma iÅŸi nasÄ±l oluyor?â€
Ä°mamoÄŸlu: â€œOtomatik kapÄ± var, gelince aÃ§Ä±lÄ±yorâ€
#AkÅŸener:â€Ã‡ok gÃ¼zel, Parisâ€™tekiler gibi ha.â€

#haber #gÃ¼ndem https://t.co/iwSz3K1vyy","['Ä°mamoÄŸlu', 'KÄ±lÄ±Ã§daroÄŸlu']",False,,http://pbs.twimg.com/profile_images/1343457304063193088/iaHqQQUe_normal.jpg,False,False,False,True,1
77,Turan20007,,"Ä°stanbul, TÃ¼rkiye",3530,2774,8372,0,@avsevgikilic YalancÄ±nÄ±n ....  #AkÅŸener https://t.co/ryiPbtGtcV,['AkÅŸener'],False,,http://pbs.twimg.com/profile_images/1465115618131296262/4fHhFYt9_normal.jpg,False,False,False,True,1
78,demirbey_58,TarafÄ±mÄ±z belli..Ã¶lÃ¼mÃ¼ne..ğŸ‡¹ğŸ‡·,"Ä°stanbul, TÃ¼rkiye",784,404,1864,0,"#AksenerNeredeFatihleriOrada 
#aksener arkanÄ±z saÄŸlam!!! https://t.co/hOK6zdPixy","['AksenerNeredeFatihleriOrada', 'aksener']",False,,http://pbs.twimg.com/profile_images/1405656121591934980/SEdreL9h_normal.jpg,False,False,False,True,1
79,serdarozbek32,,,4999,1807,20978,13,"AÃ§Ä±lÄ±ÅŸÄ± yeni yapÄ±lan M8 BostancÄ±-Dudullu metrosunda fÄ±kra gibi diyalogâ€¦

#Ä°mamoÄŸlu: â€œBu sÃ¼rÃ¼cÃ¼sÃ¼z metroâ€
#KÄ±lÄ±Ã§daroÄŸlu: â€œDurma iÅŸi nasÄ±l oluyor?â€
Ä°mamoÄŸlu: â€œOtomatik kapÄ± var, gelince aÃ§Ä±lÄ±yorâ€
#AkÅŸener:â€Ã‡ok gÃ¼zel, Parisâ€™tekiler gibi ha.â€

#haber #gÃ¼ndem https://t.co/iwSz3K1vyy","['Ä°mamoÄŸlu', 'KÄ±lÄ±Ã§daroÄŸlu']",False,,http://pbs.twimg.com/profile_images/1399301143952564224/Ra6aW0eh_normal.jpg,False,False,False,True,1
80,InciYald,PolitikacÄ±lar TÃ¼rkiye Siyaseti KÃ¶ÅŸe YazarlarÄ± GÃ¼ndem,"Ä°stanbul, TÃ¼rkiye",220,66,9899,13,"AÃ§Ä±lÄ±ÅŸÄ± yeni yapÄ±lan M8 BostancÄ±-Dudullu metrosunda fÄ±kra gibi diyalogâ€¦

#Ä°mamoÄŸlu: â€œBu sÃ¼rÃ¼cÃ¼sÃ¼z metroâ€
#KÄ±lÄ±Ã§daroÄŸlu: â€œDurma iÅŸi nasÄ±l oluyor?â€
Ä°mamoÄŸlu: â€œOtomatik kapÄ± var, gelince aÃ§Ä±lÄ±yorâ€
#AkÅŸener:â€Ã‡ok gÃ¼zel, Parisâ€™tekiler gibi ha.â€

#haber #gÃ¼ndem https://t.co/iwSz3K1vyy","['Ä°mamoÄŸlu', 'KÄ±lÄ±Ã§daroÄŸlu']",False,,http://abs.twimg.com/sticky/default_profile_images/default_profile_normal.png,False,False,False,True,1
81,akgonulluyum,istanbul | Turkey,,132,25,1116,13,"AÃ§Ä±lÄ±ÅŸÄ± yeni yapÄ±lan M8 BostancÄ±-Dudullu metrosunda fÄ±kra gibi diyalogâ€¦

#Ä°mamoÄŸlu: â€œBu sÃ¼rÃ¼cÃ¼sÃ¼z metroâ€
#KÄ±lÄ±Ã§daroÄŸlu: â€œDurma iÅŸi nasÄ±l oluyor?â€
Ä°mamoÄŸlu: â€œOtomatik kapÄ± var, gelince aÃ§Ä±lÄ±yorâ€
#AkÅŸener:â€Ã‡ok gÃ¼zel, Parisâ€™tekiler gibi ha.â€

#haber #gÃ¼ndem https://t.co/iwSz3K1vyy","['Ä°mamoÄŸlu', 'KÄ±lÄ±Ã§daroÄŸlu']",False,,http://pbs.twimg.com/profile_images/702910852253491200/n-q2wiiy_normal.jpg,False,False,False,True,1
82,alametifarika53,,Ãœmraniye..Ä°stanbul..RÄ°ZE,526,349,12516,13,"AÃ§Ä±lÄ±ÅŸÄ± yeni yapÄ±lan M8 BostancÄ±-Dudullu metrosunda fÄ±kra gibi diyalogâ€¦

#Ä°mamoÄŸlu: â€œBu sÃ¼rÃ¼cÃ¼sÃ¼z metroâ€
#KÄ±lÄ±Ã§daroÄŸlu: â€œDurma iÅŸi nasÄ±l oluyor?â€
Ä°mamoÄŸlu: â€œOtomatik kapÄ± var, gelince aÃ§Ä±lÄ±yorâ€
#AkÅŸener:â€Ã‡ok gÃ¼zel, Parisâ€™tekiler gibi ha.â€

#haber #gÃ¼ndem https://t.co/iwSz3K1vyy","['Ä°mamoÄŸlu', 'KÄ±lÄ±Ã§daroÄŸlu']",False,,http://pbs.twimg.com/profile_images/1387534253647437825/NOQQ7Bhy_normal.jpg,False,False,False,True,1
83,aydin1507,"RT ve beÄŸeni yaptÄ±ÄŸÄ±m hiÃ§ bir Twitt'den sorumlu deÄŸilim. BeÄŸeni ve RT o gÃ¶rÃ¼ÅŸ,fikir ve uygulamaya katÄ±ldÄ±ÄŸÄ±m anlamÄ±na gelmez.",,1233,681,46405,13,"AÃ§Ä±lÄ±ÅŸÄ± yeni yapÄ±lan M8 BostancÄ±-Dudullu metrosunda fÄ±kra gibi diyalogâ€¦

#Ä°mamoÄŸlu: â€œBu sÃ¼rÃ¼cÃ¼sÃ¼z metroâ€
#KÄ±lÄ±Ã§daroÄŸlu: â€œDurma iÅŸi nasÄ±l oluyor?â€
Ä°mamoÄŸlu: â€œOtomatik kapÄ± var, gelince aÃ§Ä±lÄ±yorâ€
#AkÅŸener:â€Ã‡ok gÃ¼zel, Parisâ€™tekiler gibi ha.â€

#haber #gÃ¼ndem https://t.co/iwSz3K1vyy","['Ä°mamoÄŸlu', 'KÄ±lÄ±Ã§daroÄŸlu']",False,,http://pbs.twimg.com/profile_images/1422643947969593344/r090qYxE_normal.jpg,False,False,False,True,1
84,ulketv,CanlÄ± YayÄ±n Linki: https://t.co/DKnUv56gaL https://t.co/N5swWlKgou https://t.co/RWHtAbeSHM https://t.co/vZKNnXa1q7,TÃ¼rkiye,22,458206,79675,13,"AÃ§Ä±lÄ±ÅŸÄ± yeni yapÄ±lan M8 BostancÄ±-Dudullu metrosunda fÄ±kra gibi diyalogâ€¦

#Ä°mamoÄŸlu: â€œBu sÃ¼rÃ¼cÃ¼sÃ¼z metroâ€
#KÄ±lÄ±Ã§daroÄŸlu: â€œDurma iÅŸi nasÄ±l oluyor?â€
Ä°mamoÄŸlu: â€œOtomatik kapÄ± var, gelince aÃ§Ä±lÄ±yorâ€
#AkÅŸener:â€Ã‡ok gÃ¼zel, Parisâ€™tekiler gibi ha.â€

#haber #gÃ¼ndem https://t.co/iwSz3K1vyy","['Ä°mamoÄŸlu', 'KÄ±lÄ±Ã§daroÄŸlu', 'AkÅŸener', 'haber', 'gÃ¼ndem']",True,https://t.co/zH3E16F0Bp,http://pbs.twimg.com/profile_images/539429569107722241/aPcsB4ji_normal.jpeg,False,False,False,False,0
85,Sobeledim_seni,,"EskiÅŸehir, TÃ¼rkiye",58,11,132,0,"SayÄ±n #kÄ±lÄ±ctaroÄŸlu metroda durma nasÄ±l oluyor demiÅŸ..
#DurmakYokYolaDevam
#AKParti #aksener #akÅŸener #ekremimamoglu #iyiparti #CHP #helaloy","['kÄ±lÄ±ctaroÄŸlu', 'DurmakYokYolaDevam', 'AKParti', 'aksener', 'akÅŸener', 'ekremimamoglu', 'iyiparti', 'CHP', 'helaloy']",False,,http://pbs.twimg.com/profile_images/1257796419534102531/Y4SD-58s_normal.jpg,False,False,False,True,1
86,cengizgunay1,Ä°lahi ente maksudi ve rÄ±dake matlubi.,,812,1055,14522,0,AkÅŸener Ã¼lkÃ¼cÃ¼yse Ã–calan derviÅŸtir #akÅŸener,['akÅŸener'],False,,http://pbs.twimg.com/profile_images/1415009602907815936/KReo0rXG_normal.jpg,False,False,False,True,1
87,Hmeyra167486112,Milli hesaplarÄ± takip ederim ğŸ‡¹ğŸ‡·ğŸ‡¹ğŸ‡·ğŸ‡¹ğŸ‡·ğŸ•ŒğŸ•‹,kilitli hesaplarÄ± takip etmem ,2148,1076,4521,9,"âš¡#KÄ±lÄ±Ã§daroÄŸlu-#AkÅŸener-#Ä°mamoÄŸlu Ã§ekiÅŸmesi mizahi dille anlatÄ±ldÄ±...

ğŸ’¥â€™ZÃ¼bÃ¼kâ€™ filmini aratmayan siyasi ikbal kavgasÄ±: #SaraÃ§hane tiyatrosuna Ã¶zel animasyon filmi sosyal medyada olay yarattÄ±â—

https://t.co/5b0QcnFvrl","['KÄ±lÄ±Ã§daroÄŸlu', 'AkÅŸener', 'Ä°mamoÄŸlu']",False,,http://pbs.twimg.com/profile_images/1449119610788323333/3NPbkH2n_normal.jpg,False,False,False,True,1
88,karadavut55_,"ğŸ¹ASIM'Ä±n NESLÄ°ğŸ¹
                                                                     MÄ°LLÄ°ğŸ‡¹ğŸ‡·ğŸ‘ğŸ¤˜ â˜ğŸ‡¹ğŸ‡·DÄ°RÄ°LÄ°Å

*Akkurt*Bozkurt*Alperen*MilliGÃ¶rÃ¼ÅŸ",,13365,12191,22492,0,"@meral_aksener #AkÅŸener @iyiparti
-SÃ¶zleÅŸmeli kadro
-3600 Ek gÃ¶s.
-EYT
-Asgari Ãœcret
-Alt Gelirli
-Emekli
Memur'a 
YÄ±llÄ±k bazda % 100 Ã¼zeri Zam
-Ã‡iftÃ§i-Esnaf-Ä°ÅŸletmelere destek 
Åimdi sÄ±rada,
-Dul-Yetim-YaÅŸlÄ±-Engelli BakÄ±mÄ±
MaaÅŸ ArtÄ±ÅŸlarÄ± ile 
ARTIK 
SAHTE TÄ°YATRONUZA SON",['AkÅŸener'],False,,http://pbs.twimg.com/profile_images/968206677756477441/vUpuVlzU_normal.jpg,False,False,False,True,1
89,BarisUstunbas34,TÃ¼rkiye CumhuriyetiğŸ‡¹ğŸ‡·,"Ä°stanbul, TÃ¼rkiye",5666,5179,27415,13,#bizdehayatÃ¶lÃ¼ncerahat    #Erdogan #vedatbilgin #kilicdaroglu #aksener  arkadaslar bastaki bizim hectegimiz.Tum emeklilikte hak talebeden ve haksizliga ugrudagini dusunen 99 sonrasi sgk li dava arkadaslarim.lutfen sadece bu tag altinda hafta sonumuzu degerlendirelim. https://t.co/TFbZRRxCmc,"['bizdehayatÃ¶lÃ¼ncerahat', 'Erdogan', 'vedatbilgin', 'kilicdaroglu', 'aksener']",False,,http://pbs.twimg.com/profile_images/1609283847136452608/N7JS1NnC_normal.jpg,False,False,False,True,1
90,smail45668517,,,63,85,568,13,#bizdehayatÃ¶lÃ¼ncerahat    #Erdogan #vedatbilgin #kilicdaroglu #aksener  arkadaslar bastaki bizim hectegimiz.Tum emeklilikte hak talebeden ve haksizliga ugrudagini dusunen 99 sonrasi sgk li dava arkadaslarim.lutfen sadece bu tag altinda hafta sonumuzu degerlendirelim. https://t.co/TFbZRRxCmc,"['bizdehayatÃ¶lÃ¼ncerahat', 'Erdogan', 'vedatbilgin', 'kilicdaroglu', 'aksener']",False,,http://abs.twimg.com/sticky/default_profile_images/default_profile_normal.png,False,False,False,True,1
91,ahmetyldz32,BoÄŸaziÃ§i Ã¼niversitesi baÅŸ rektÃ¶r gardiyan genelkurmay baÅŸkanÄ± https://t.co/sM4UZ5EBhK. inÅŸaat https://t.co/V1GCXuFx9X.sti,"Ä°stanbul, TÃ¼rkiye",473,202,9518,13,#bizdehayatÃ¶lÃ¼ncerahat    #Erdogan #vedatbilgin #kilicdaroglu #aksener  arkadaslar bastaki bizim hectegimiz.Tum emeklilikte hak talebeden ve haksizliga ugrudagini dusunen 99 sonrasi sgk li dava arkadaslarim.lutfen sadece bu tag altinda hafta sonumuzu degerlendirelim. https://t.co/TFbZRRxCmc,"['bizdehayatÃ¶lÃ¼ncerahat', 'Erdogan', 'vedatbilgin', 'kilicdaroglu', 'aksener']",False,,http://pbs.twimg.com/profile_images/1611749141868052482/YKjO0SPE_normal.jpg,False,False,False,True,1
92,Moquawe88,,"Ä°stanbul, TÃ¼rkiye",36,0,51,0,Siz 2 kiÅŸi daha bulunda okey masasÄ± kurun bu zihniyet fazlasÄ±nÄ± kaldÄ±rmaz âœˆï¸âœˆï¸ #DavutoÄŸlu #6lÄ±masa #kilicdaroglu  #akÅŸener https://t.co/i8uvbgimvT,"['DavutoÄŸlu', '6lÄ±masa', 'kilicdaroglu', 'akÅŸener']",False,,http://abs.twimg.com/sticky/default_profile_images/default_profile_normal.png,False,False,False,True,1
93,bes_en_bir_ka,Haber ve mizah. Kimseye hakaret edilmez.,"Ä°stanbul, TÃ¼rkiye",1536,1494,84,0,"#AkÅŸener, #Ä°mamoÄŸlu iÃ§in ""SÃ¶z olsun gÃ¼mbÃ¼rtÃ¼ye gitmeyeceksin.""

#AltÄ±lÄ±Masa arkanda. #ankara https://t.co/NBYo32QJPr","['AkÅŸener', 'Ä°mamoÄŸlu', 'AltÄ±lÄ±Masa', 'ankara']",False,https://t.co/ljI5JUkug0,http://pbs.twimg.com/profile_images/1610566862806417409/UupeXVS2_normal.jpg,False,False,False,True,1
94,Mesutenel15,"#2000SonrasÄ±SgklÄ±AdaletÄ°stiyor 
https://t.co/DVYNGqawbG
telegra adresi burayÄ± takip",,1563,877,6860,13,#bizdehayatÃ¶lÃ¼ncerahat    #Erdogan #vedatbilgin #kilicdaroglu #aksener  arkadaslar bastaki bizim hectegimiz.Tum emeklilikte hak talebeden ve haksizliga ugrudagini dusunen 99 sonrasi sgk li dava arkadaslarim.lutfen sadece bu tag altinda hafta sonumuzu degerlendirelim. https://t.co/TFbZRRxCmc,"['bizdehayatÃ¶lÃ¼ncerahat', 'Erdogan', 'vedatbilgin', 'kilicdaroglu', 'aksener']",False,,http://pbs.twimg.com/profile_images/1605309254910574592/kxDDYwcu_normal.jpg,False,False,False,True,1
95,imparator060606,DEÄERLÄ° ARKADAÅLAR BÄ°RBÄ°RÄ°MÄ°ZÄ° TAKÄ°P EDELIM.HAKSIZLIÄA BÄ°RLÄ°KTE KARÅI KOYALIM.TAKIPLEÅELIM.HAKLARIMIZI GELECEÄÄ°MÄ°ZÄ° https://t.co/SpXCS1cE55 VER TÃœRKÄ°YE...,Ä°STANBUL,4817,1980,12058,13,#bizdehayatÃ¶lÃ¼ncerahat    #Erdogan #vedatbilgin #kilicdaroglu #aksener  arkadaslar bastaki bizim hectegimiz.Tum emeklilikte hak talebeden ve haksizliga ugrudagini dusunen 99 sonrasi sgk li dava arkadaslarim.lutfen sadece bu tag altinda hafta sonumuzu degerlendirelim. https://t.co/TFbZRRxCmc,"['bizdehayatÃ¶lÃ¼ncerahat', 'Erdogan', 'vedatbilgin', 'kilicdaroglu', 'aksener']",False,,http://pbs.twimg.com/profile_images/1611086628386119681/E6mEE93s_normal.jpg,False,False,False,True,1
96,Suatpahal5,,,421,198,1500,5,Sgk sistemindeki haksizlik giderilsin biri 43 digeri 65 yas #RTErdogan #kilicdaroglu #aksener #Bahceli #2000sonrasÄ±SGKlÄ±EsitlikÄ°stiyor,"['RTErdogan', 'kilicdaroglu', 'aksener', 'Bahceli']",False,,http://pbs.twimg.com/profile_images/1607427159555031041/ZqcDkZdZ_normal.jpg,False,False,False,True,1
97,VeliErdogdu,kazanacaÄŸÄ±z  mutlaka kazanacaÄŸÄ±z,"Ä°stanbul, TÃ¼rkiye",2544,2111,7593,5,Sgk sistemindeki haksizlik giderilsin biri 43 digeri 65 yas #RTErdogan #kilicdaroglu #aksener #Bahceli #2000sonrasÄ±SGKlÄ±EsitlikÄ°stiyor,"['RTErdogan', 'kilicdaroglu', 'aksener', 'Bahceli']",False,,http://pbs.twimg.com/profile_images/1160123675796000769/umHWMehi_normal.jpg,False,False,False,True,1
98,hatas41,Ben,,185,26,319,5,Sgk sistemindeki haksizlik giderilsin biri 43 digeri 65 yas #RTErdogan #kilicdaroglu #aksener #Bahceli #2000sonrasÄ±SGKlÄ±EsitlikÄ°stiyor,"['RTErdogan', 'kilicdaroglu', 'aksener', 'Bahceli', '2000sonrasÄ±SGKlÄ±EsitlikÄ°stiyor']",False,,http://pbs.twimg.com/profile_images/1174178507934580736/WHs76tpJ_normal.jpg,False,False,False,True,1
99,AkcoruKerim,TÃ¼rk Milletinden ve TÃ¼rkiye Cumhuriyetinden yana taraf...,,195,79,48,0,BABA OÄUL SON DANS #imamoÄŸlu #iyiparti #kÄ±lÄ±Ã§daroÄŸlu #akÅŸener https://t.co/5bQdtFNVFL @YouTube aracÄ±lÄ±ÄŸÄ±yla,"['imamoÄŸlu', 'iyiparti', 'kÄ±lÄ±Ã§daroÄŸlu', 'akÅŸener']",False,https://t.co/qEwBgFuots,http://pbs.twimg.com/profile_images/1576215075861528577/n4YNzm59_normal.jpg,False,False,False,True,1
100,Boran63719580,,,55,23,43,0,"#demek 
#chp 
#kÄ±lÄ±Ã§daroÄŸlu 
#akÅŸener 2000 maÄŸdurlarÄ±nÄ±da lÃ¼tfen dile getirin EYT yi 8 ayla kaÃ§Ä±ranlar","['demek', 'chp', 'kÄ±lÄ±Ã§daroÄŸlu', 'akÅŸener']",False,,http://abs.twimg.com/sticky/default_profile_images/default_profile_normal.png,False,False,False,True,1
101,okantuna16,Gazeteci https://t.co/jREBSv9inY okantuna@hotmail.com instagram: okantuna16,,826,5514,6113,1,"GÃ¼nÃ¼n GÃ¼ndemi (6 Ocak 2023 Cuma)

GÃ¼nÃ¼n GÃ¼ndemi' hafta iÃ§i her gÃ¼n saat 18.00'da yayÄ±nda... Ä°ÅŸte 6 Ocak 2023 Cuma gÃ¼nÃ¼ yaÅŸananlar... 

#GÃ¼nÃ¼nGÃ¼ndemi #koza24 #Bursa #GÃ¶kÃ§elik #AtÄ±ÅŸYapÄ± #AtÄ±ÅŸÄ°nvest #TeknolojiFen #AkÅŸener #TÃœÄ°K #Kestel  #BÃ¼yÃ¼kÅŸehir #Karacabey  #ErdoÄŸan #Bursaspor https://t.co/vmJXOKfODm",[],False,,http://pbs.twimg.com/profile_images/1574468571958317089/zgMxmyQW_normal.jpg,False,False,False,True,1
102,k24medya,Yeni Nesil Medya,,8,217,32781,1,"GÃ¼nÃ¼n GÃ¼ndemi (6 Ocak 2023 Cuma)

GÃ¼nÃ¼n GÃ¼ndemi' hafta iÃ§i her gÃ¼n saat 18.00'da yayÄ±nda... Ä°ÅŸte 6 Ocak 2023 Cuma gÃ¼nÃ¼ yaÅŸananlar... 

#GÃ¼nÃ¼nGÃ¼ndemi #koza24 #Bursa #GÃ¶kÃ§elik #AtÄ±ÅŸYapÄ± #AtÄ±ÅŸÄ°nvest #TeknolojiFen #AkÅŸener #TÃœÄ°K #Kestel  #BÃ¼yÃ¼kÅŸehir #Karacabey  #ErdoÄŸan #Bursaspor https://t.co/vmJXOKfODm","['GÃ¼nÃ¼nGÃ¼ndemi', 'koza24', 'Bursa', 'GÃ¶kÃ§elik', 'AtÄ±ÅŸYapÄ±', 'AtÄ±ÅŸÄ°nvest', 'TeknolojiFen', 'AkÅŸener', 'TÃœÄ°K', 'Kestel', 'BÃ¼yÃ¼kÅŸehir', 'Karacabey', 'ErdoÄŸan', 'Bursaspor']",False,https://t.co/qPUT6vWGy6,http://pbs.twimg.com/profile_images/1350387709785894912/IU8Mrm9W_normal.jpg,False,False,False,True,1
103,turistohaber,"Turisto ile Takip Edin!
Youtube KanalÄ±mÄ±za Abone OlmayÄ± UnutmayÄ±n!ğŸ‘‡",,0,28,459,0,"Meral AkÅŸener: AhmaklÄ±klara AhmaklÄ±k Deyince KÄ±zÄ±yorlar! @meral_aksener
.
.
.
#SONDAKIKA #SONDAKÄ°KA
#MeralAkÅŸener #akÅŸener #iyiparti
#dolar #altÄ±n #gÃ¼mÃ¼ÅŸ #borsa
#asgariÃ¼cret #eyt #emekli #maaÅŸ
#seÃ§im #erkenseÃ§im https://t.co/1EALrmULhn","['SONDAKIKA', 'SONDAKÄ°KA', 'MeralAkÅŸener', 'akÅŸener', 'iyiparti', 'dolar', 'altÄ±n', 'gÃ¼mÃ¼ÅŸ', 'borsa', 'asgariÃ¼cret', 'eyt', 'emekli', 'maaÅŸ', 'seÃ§im', 'erkenseÃ§im']",False,https://t.co/rUG2NLbYxw,http://pbs.twimg.com/profile_images/1427366034982547456/ebsaS1Rv_normal.jpg,False,False,False,True,1
104,gercekgazetee,GerÃ§ek Gazete Resmi Twitter HesabÄ±,,3,7226,21975,3,"ğŸ“Œ KÃ¼rÅŸat YÄ±lmaz â€˜tezgahâ€™ dedi, Ä°mamoÄŸlu â€˜kayyumâ€™resti Ã§ektiâ€¦

Saat 16:00â€™da Ali TarakcÄ± ile GÃ¼ndemâ€™i kaÃ§Ä±rmayÄ±n

YayÄ±nÄ± izlemek iÃ§inâ¬‡ï¸
https://t.co/LPWIMSCmkY

#imamoÄŸlu #sinanateÅŸ #kÃ¼rÅŸatyÄ±lmaz #fetÃ¶ #CIA #Dolunay #akÅŸener #erdoÄŸan #seÃ§im #Ä°BB #terÃ¶r #kayyum #tÃ¼rkiye #gÃ¼ndem https://t.co/iEn2aGfiYs",[],False,https://t.co/2md8Pdqk1t,http://pbs.twimg.com/profile_images/1571238670002176001/P_Xns9eJ_normal.jpg,False,False,False,True,1
105,ulkedenhaberler,https://t.co/CryLcVcQ0lâ€¦ https://t.co/wGv7xVvp7Gâ€¦ https://t.co/sd0G02yzGGâ€¦,"Ä°zmir, TÃ¼rkiye",0,291,9844,0,"KÄ±lÄ±Ã§daroÄŸlu, AkÅŸener ve DavutoÄŸlu Ä°stanbul'da metro hattÄ± aÃ§Ä±lÄ±ÅŸÄ±na katÄ±ldÄ±

https://t.co/w3ZY3PEQJ2

#kÄ±lÄ±Ã§daroÄŸlu #akÅŸener #davutoÄŸlu https://t.co/XgGq8TOWZ0","['kÄ±lÄ±Ã§daroÄŸlu', 'akÅŸener', 'davutoÄŸlu']",False,https://t.co/wJD1rs3djh,http://pbs.twimg.com/profile_images/1499774937795543040/TPqF9MFN_normal.jpg,False,False,False,True,1
106,alitarakcii,Sadece demokratÄ±m... https://t.co/JsiZSQ8aS6 @gercekgazetee https://t.co/MeqiuZM9aw @gercektivi,,180,41734,23381,3,"ğŸ“Œ KÃ¼rÅŸat YÄ±lmaz â€˜tezgahâ€™ dedi, Ä°mamoÄŸlu â€˜kayyumâ€™resti Ã§ektiâ€¦

Saat 16:00â€™da Ali TarakcÄ± ile GÃ¼ndemâ€™i kaÃ§Ä±rmayÄ±n

YayÄ±nÄ± izlemek iÃ§inâ¬‡ï¸
https://t.co/LPWIMSCmkY

#imamoÄŸlu #sinanateÅŸ #kÃ¼rÅŸatyÄ±lmaz #fetÃ¶ #CIA #Dolunay #akÅŸener #erdoÄŸan #seÃ§im #Ä°BB #terÃ¶r #kayyum #tÃ¼rkiye #gÃ¼ndem https://t.co/iEn2aGfiYs",[],False,https://t.co/JsiZSQ8aS6,http://pbs.twimg.com/profile_images/1525252714065801216/x_wXIW8w_normal.jpg,False,False,False,True,1
107,gercektivi,https://t.co/U82zvdpIk8,,3,4747,1005,3,"ğŸ“Œ KÃ¼rÅŸat YÄ±lmaz â€˜tezgahâ€™ dedi, Ä°mamoÄŸlu â€˜kayyumâ€™resti Ã§ektiâ€¦

Saat 16:00â€™da Ali TarakcÄ± ile GÃ¼ndemâ€™i kaÃ§Ä±rmayÄ±n

YayÄ±nÄ± izlemek iÃ§inâ¬‡ï¸
https://t.co/LPWIMSCmkY

#imamoÄŸlu #sinanateÅŸ #kÃ¼rÅŸatyÄ±lmaz #fetÃ¶ #CIA #Dolunay #akÅŸener #erdoÄŸan #seÃ§im #Ä°BB #terÃ¶r #kayyum #tÃ¼rkiye #gÃ¼ndem https://t.co/iEn2aGfiYs","['imamoÄŸlu', 'sinanateÅŸ', 'kÃ¼rÅŸatyÄ±lmaz', 'fetÃ¶', 'CIA', 'Dolunay', 'akÅŸener', 'erdoÄŸan', 'seÃ§im', 'Ä°BB', 'terÃ¶r', 'kayyum', 'tÃ¼rkiye', 'gÃ¼ndem']",False,https://t.co/dU3ZPeJKJk,http://pbs.twimg.com/profile_images/1406527520435019779/1CuwqWuY_normal.jpg,False,False,False,True,1
108,nazlimarica,,,647,1041,80548,69,"#AkÅŸener: â€œâ€˜cumhuriyeti ilan ediyoruz beylerâ€™ dediÄŸinden beri; sistem tartÄ±ÅŸmasÄ± ve tasarÄ±mÄ± bu Ã¼lkede yapÄ±lmadÄ±. ilk defa biz yapÄ±yoruzâ€

AtatÃ¼rk Devrimleri ve Laiklik yok, TCâ€™nin Kurucu AnayasasÄ± 1924 AYâ€™sÄ± da DAR KALIPÃ‡I!
hanÄ±mefendi siz neyin peÅŸindesiniz, Ã¶ÄŸrenebilir miyiz? https://t.co/m3p4msQ2dS",['AkÅŸener'],False,,http://pbs.twimg.com/profile_images/1520072847397474305/bohzG_HG_normal.jpg,False,False,False,True,1
109,teomanege_,"ğŸ”º1979 model medya insanÄ±
ğŸ”º @polhaber / GYY
ğŸ”º @polradyo

TÃœRKÄ°YE CUMHURÄ°YETÄ° ğŸ‡¹ğŸ‡·",TÃ¼rkiye Cumhuriyeti,177,265,17459,1,"Ä°YÄ° Parti Genel BaÅŸkanÄ± Meral AkÅŸener:

â€œHadi, benim dokunulmazlÄ±ÄŸÄ±m yok. Ben de â€˜ahmakâ€™ dedim. Bekleriz, buyur biraderâ€

#akÅŸener #imamoÄŸlu #iyiparti #chp #istanbul #haber #sondakika https://t.co/pHZHb4Ed9l",[],False,,http://pbs.twimg.com/profile_images/1612116243913347072/YhMxBZQO_normal.jpg,False,False,False,True,1
110,polhaber,"| 'KÄ±sa ve doÄŸru haber' | https://t.co/bofML71nji 
@polradyo - @poltvspor",TÃ¼rkiye,2,323,2737,1,"Ä°YÄ° Parti Genel BaÅŸkanÄ± Meral AkÅŸener:

â€œHadi, benim dokunulmazlÄ±ÄŸÄ±m yok. Ben de â€˜ahmakâ€™ dedim. Bekleriz, buyur biraderâ€

#akÅŸener #imamoÄŸlu #iyiparti #chp #istanbul #haber #sondakika https://t.co/pHZHb4Ed9l","['akÅŸener', 'imamoÄŸlu', 'iyiparti', 'chp', 'istanbul', 'haber', 'sondakika']",False,https://t.co/dTid0gVONs,http://pbs.twimg.com/profile_images/1610304758895476738/FPgswfpW_normal.jpg,False,False,False,True,1
111,serhat_aslan73,"ÅIRNAK /Ä°DÄ°L

                                                                  Gelecek partisi idil ilÃ§e BaÅŸkan yardÄ±mcÄ±sÄ±,                   ilÃ§e sekreteri â˜˜ï¸",,667,559,198,0,"Zaman birlik beraberlik ve dayanÄ±ÅŸma zamanÄ±, 

Zaman milletin hakkÄ±nÄ± yiyenleri def etme zamanÄ±,

Zaman Ã¶tekileÅŸtirme deÄŸil, birleÅŸtirme zamanÄ±. 
#herseycokguezelolacak #DavutoÄŸlu #ahmetdavutoÄŸlu #kilicdaroglu #akÅŸener #Babacan @Ahmet_Davutoglu @kilicdarogluk @meral_aksener https://t.co/YchIPS8txE","['herseycokguezelolacak', 'DavutoÄŸlu', 'ahmetdavutoÄŸlu', 'kilicdaroglu', 'akÅŸener', 'Babacan']",False,,http://pbs.twimg.com/profile_images/1529568655645851649/iKpn6e22_normal.jpg,False,False,False,True,1
112,demokratgundem,Siyaset ve hak haberlerinin yanÄ± sÄ±ra 'Bir BuÃ§uk Derece' adlÄ± podcast yayÄ±nlarÄ±mÄ±zda Ã§evre-iklim sorunlarÄ±nÄ± da konuÅŸuyoruz... ğŸŒ¿,Ä°zmir,338,2952,46538,0,"AkÅŸener'den 'Ahmak' manifestosu: 'Ben de sÃ¶yledim hadi gelin'
https://t.co/wi3NFJt08Q +++ #ahmak #akÅŸener #kÄ±lÄ±Ã§daroÄŸlu #imamoÄŸlu #ahmak #ahmakdavasÄ± #ekremimamoÄŸlu #kemalkÄ±lÄ±Ã§daroÄŸlu https://t.co/eI9RJVHNiO","['ahmak', 'akÅŸener', 'kÄ±lÄ±Ã§daroÄŸlu', 'imamoÄŸlu', 'ahmak', 'ahmakdavasÄ±', 'ekremimamoÄŸlu', 'kemalkÄ±lÄ±Ã§daroÄŸlu']",False,https://t.co/gDYCjKFVqf,http://pbs.twimg.com/profile_images/1445298846561705989/qSsrcdxa_normal.jpg,False,False,False,True,1
113,mehmethisar171,1071.1453.1923.EBED. MÃœDDET,"Ankara, TÃ¼rkiye",561,449,6036,9,"SADECE SORUYORUM â‰ï¸

Neden @meral_aksener 15 Temmuz Ã¶ncesi ""yurtta sulh cihanda sulh"" sÃ¶zlerini ikde bir sÃ¶ylerken, darbe gercekleÅŸmeyince bir daha sÃ¶ylemedi dersiniz?

LÃ¼tfen soruyu videoyu izledikden sonra cevaplayin.

#Meral #Aksener #15Temmuz #IYIParti #IYIgelecek #IYIklulis https://t.co/X347Q80qIg",[],False,,http://pbs.twimg.com/profile_images/1260892404426706944/49KmQNDU_normal.jpg,False,False,False,True,1
114,polhaber,"| 'KÄ±sa ve doÄŸru haber' | https://t.co/bofML71nji 
@polradyo - @poltvspor",TÃ¼rkiye,2,323,2737,0,"Meral AkÅŸener: ""AhmaklÄ±klara 'ahmaklÄ±k' denildiÄŸi zaman kÄ±zÄ±yorlar. Hadi benim dokunulmazlÄ±ÄŸÄ±m yok. Ben de ahmak dedim.â€

#akÅŸener #imamoÄŸlu #haber #sondakika","['akÅŸener', 'imamoÄŸlu', 'haber', 'sondakika']",False,https://t.co/dTid0gVONs,http://pbs.twimg.com/profile_images/1610304758895476738/FPgswfpW_normal.jpg,False,False,False,True,1
115,AykanatGs1905,Galatasaray ğŸŒŸğŸŒŸğŸŒŸğŸŒŸ #EnTu #KPA #ErkenciKuÅŸ #AÅŸkMantÄ±kÄ°ntikam #Ä°TF ğŸ‘¸,TÃ¼rkiye,1812,901,124657,1,"#BostancÄ± Metrosu iÃ§in Ä°BB'den gÃ¶rkemli tÃ¶ren. Ä°BB BaÅŸkanÄ± Ä°mamoÄŸlu, #KÄ±lÄ±Ã§daroÄŸlu, #AkÅŸener ve liderler BostancÄ± Metrosu aÃ§Ä±lÄ±ÅŸÄ±na katÄ±ldÄ±. 
#Ä°mamoÄŸlu: Hayata geÃ§irdiÄŸimiz #metro 46,2 kilometreye ulaÅŸtÄ±

https://t.co/CUpcqZkF2H","['BostancÄ±', 'KÄ±lÄ±Ã§daroÄŸlu', 'AkÅŸener']",False,,http://pbs.twimg.com/profile_images/1429157339970555905/vmJmGaVB_normal.jpg,False,False,False,True,1
116,medyatavacom,"ğŸŒ https://t.co/tTRIkDuvUe
ğŸŒ https://t.co/eMPQf6Fwy3
ğŸŒ @MTavaMagazin
ğŸŒ @MTavaSpor
ğŸŒ https://t.co/IwgcwLQadL",YazmadÄ±ysa doÄŸru deÄŸildir!,5,592553,219425,1,"#BostancÄ± Metrosu iÃ§in Ä°BB'den gÃ¶rkemli tÃ¶ren. Ä°BB BaÅŸkanÄ± Ä°mamoÄŸlu, #KÄ±lÄ±Ã§daroÄŸlu, #AkÅŸener ve liderler BostancÄ± Metrosu aÃ§Ä±lÄ±ÅŸÄ±na katÄ±ldÄ±. 
#Ä°mamoÄŸlu: Hayata geÃ§irdiÄŸimiz #metro 46,2 kilometreye ulaÅŸtÄ±

https://t.co/CUpcqZkF2H","['BostancÄ±', 'KÄ±lÄ±Ã§daroÄŸlu', 'AkÅŸener', 'Ä°mamoÄŸlu', 'metro']",True,https://t.co/B4RQdzaCet,http://pbs.twimg.com/profile_images/1542550074777018369/cRhIzbLT_normal.jpg,False,False,False,False,0
117,OfftheRecording,"GerÃ§ekler AramÄ±zda! 
Ä°nsan OdaklÄ± Habercilik...
https://t.co/QUrkgM5XCv",TÃ¼rkiye,17,75,5132,0,AkÅŸener: â€œBu deÄŸerli toplantÄ± iÃ§in tÃ¼m genel baÅŸkanlara teÅŸekkÃ¼r ediyorumâ€ https://t.co/eGDYnZuoqx #hayirlicumalar #MilletYasayiBekliyor #AkÅŸener #altÄ±lÄ±masa #guenaydin,"['hayirlicumalar', 'MilletYasayiBekliyor', 'AkÅŸener', 'altÄ±lÄ±masa', 'guenaydin']",False,https://t.co/4ZdXkNdvwi,http://pbs.twimg.com/profile_images/1424103826689335303/3f250WjB_normal.jpg,False,False,False,True,1
118,tcgl2,,,260,180,10793,0,"@KucukkayaIsmail Ã‡ok gÃ¼zel bir birliktelik, Ã¼mit verici umudumuz birazda olsa yeÅŸerdi yeterki bu Ã¼lkeyi tek adam rejiminden kurtarmali yolunuz aÃ§Ä±k olsun ğŸ™#kilictaroglu #AkÅŸener #Davutoglu # karamollaoglu #Babacan #Gultekin. ğŸ‘ğŸ‘ğŸ‘ğŸ‡¹ğŸ‡·","['kilictaroglu', 'AkÅŸener', 'Davutoglu', 'Babacan', 'Gultekin']",False,,http://pbs.twimg.com/profile_images/1597472786896900096/z8dFNo0t_normal.jpg,False,False,False,True,1
119,Evrenyogunali,,,497,331,12851,2,Staj ve Ã§Ä±raklÄ±k Ã§alÄ±ÅŸmalarÄ±nÄ±n ssk baÅŸlangÄ±cÄ± sayÄ±lmasÄ±nÄ± istiyoruz bunun ÅŸu anki eyt kapsamÄ±na dahil edilmesi ve yÄ±llardÄ±r sÃ¼ren bu adaletsizliÄŸin son bulmasÄ±nÄ± istiyoruz #StajaMuejdeVerin #RTErdogan #kilicdaroglu #aksener,[],False,,http://pbs.twimg.com/profile_images/1610703013919834112/6FN5hIfA_normal.jpg,False,False,False,True,1
120,yoncaayas,"YAÅAMA.....
Ã‡alÄ±ÅŸma Ekonomisti, Doktor ,Ã§ok okur, Ã§ok yazar #KuranÄ±kerim izinde #Ä°ÅŸsaÄŸlÄ±ÄŸÄ± gÃ¶nÃ¼llÃ¼sÃ¼, #GS  #saÄŸlÄ±k yazarÄ± #TÃ¼rkiye aÅŸÄ±ÄŸÄ± #AtatÃ¼rksevdalÄ±sÄ±", TÃ¼rkiye,539,594,8520,0,#altÄ±lÄ±masa iÃ§in Ã§Ã¶zÃ¼m Ã¶nerim beni aday gÃ¶stermeleridir   En azÄ±ndan vatandaÅŸÄ±n bekleme Ã§ilesi biter. #aday #secim2023 @aykiricomtr #kilicdaroglu #akÅŸener #babacan #karamollaoÄŸlu #davutoÄŸlu #uysal https://t.co/ZhDcw5SltY,"['altÄ±lÄ±masa', 'aday', 'secim2023', 'kilicdaroglu', 'akÅŸener', 'babacan', 'karamollaoÄŸlu', 'davutoÄŸlu', 'uysal']",False,https://t.co/iI66psObOZ,http://pbs.twimg.com/profile_images/1471218242496700423/cbyke-ZK_normal.jpg,False,False,False,True,1
121,Hkndlr1905,TeÄŸet,"Ä°skenderun, TÃ¼rkiye",56,113,3713,2,Staj ve Ã§Ä±raklÄ±k Ã§alÄ±ÅŸmalarÄ±nÄ±n ssk baÅŸlangÄ±cÄ± sayÄ±lmasÄ±nÄ± istiyoruz bunun ÅŸu anki eyt kapsamÄ±na dahil edilmesi ve yÄ±llardÄ±r sÃ¼ren bu adaletsizliÄŸin son bulmasÄ±nÄ± istiyoruz #StajaMuejdeVerin #RTErdogan #kilicdaroglu #aksener,[],False,,http://pbs.twimg.com/profile_images/1611275864406122499/-0qbnIx7_normal.jpg,False,False,False,True,1
122,orsaumit,"GÃ¼zel ÅŸeyler zaman alÄ±r dedik, Zaman gÃ¼zel ÅŸeyleri aldÄ±...",,284,58,24,2,Staj ve Ã§Ä±raklÄ±k Ã§alÄ±ÅŸmalarÄ±nÄ±n ssk baÅŸlangÄ±cÄ± sayÄ±lmasÄ±nÄ± istiyoruz bunun ÅŸu anki eyt kapsamÄ±na dahil edilmesi ve yÄ±llardÄ±r sÃ¼ren bu adaletsizliÄŸin son bulmasÄ±nÄ± istiyoruz #StajaMuejdeVerin #RTErdogan #kilicdaroglu #aksener,"['StajaMuejdeVerin', 'RTErdogan', 'kilicdaroglu', 'aksener']",False,,http://pbs.twimg.com/profile_images/1460308367314984961/NeUTAOmZ_normal.jpg,False,False,False,True,1
123,Arslan066840141,FaÅŸizim tÃ¼rlÃ¼ tÃ¼rlÃ¼dÃ¼r en tehlikelisi dinci faÅŸizimdir Ã§Ã¼nkÃ¼ o halkÄ± Allah Ä°le aldatÄ±r karÅŸÄ± geldiÄŸin zaman Allahâ€™a karÅŸÄ± savaÅŸÄ±yormuÅŸsunuz gibi suÃ§lanÄ±rsÄ±nÄ±z,,266,59,3902,0,"@CBkilicdarogluu En baÅŸta Meral AkÅŸener demesi gerekirdi 

Ä°yi bir parti oldular ise
#KÄ±lÄ±Ã§daroÄŸluna
borÃ§lular
ama gel gÃ¶r ki
#AkÅŸener in bir Ak damarÄ± var demekki
Beyin altÄ± hep bir mezhepÃ§ilik ve Ä±rkÃ§Ä±lÄ±k var diyor 
#babacan da traÅŸlÄ± yobaz olduÄŸunu son aÃ§Ä±klamalarÄ±nda gÃ¶sterdi.","['KÄ±lÄ±Ã§daroÄŸluna', 'AkÅŸener', 'babacan']",False,,http://pbs.twimg.com/profile_images/1564417020908781570/9kYaOGSn_normal.jpg,False,False,False,True,1
124,haberankaracom,HER AN | haberankara,Ankara,195,14088,87371,0,"6'lÄ± masanÄ±n toplantÄ±sÄ± sona erdi: GÃ¶zler masanÄ±n CumhurbaÅŸkanÄ± adayÄ±nda... 
#altÄ±lÄ±masa #6lÄ±masa #akÅŸener #davutoÄŸlu #kilicdaroglu #Secim 
https://t.co/YNEus9QezV","['altÄ±lÄ±masa', '6lÄ±masa', 'akÅŸener', 'davutoÄŸlu', 'kilicdaroglu', 'Secim']",False,https://t.co/7zEYJEuKaX,http://pbs.twimg.com/profile_images/1241809250445406211/7JFmwGx0_normal.jpg,False,False,False,True,1
125,DursunC17662724,,,1243,120,2527,1,"AltÄ±lÄ± Masa: 2018 seÃ§imlerinde geÃ§erli olan sistemle gerÃ§ekleÅŸecek -yani 6 Nisanâ€™dan Ã¶nce yapÄ±lacak- bir erken seÃ§ime ise destek vermeye hazÄ±rÄ±z

#sondakika #altÄ±lÄ±masa #seÃ§im #chp #iyiparti #kÄ±lÄ±Ã§daroÄŸlu #akÅŸener",[],False,,http://pbs.twimg.com/profile_images/1595835799043559424/zWb04CT4_normal.png,False,False,False,True,1
126,polhaber,"| 'KÄ±sa ve doÄŸru haber' | https://t.co/bofML71nji 
@polradyo - @poltvspor",TÃ¼rkiye,2,323,2737,1,"AltÄ±lÄ± Masa: 2018 seÃ§imlerinde geÃ§erli olan sistemle gerÃ§ekleÅŸecek -yani 6 Nisanâ€™dan Ã¶nce yapÄ±lacak- bir erken seÃ§ime ise destek vermeye hazÄ±rÄ±z

#sondakika #altÄ±lÄ±masa #seÃ§im #chp #iyiparti #kÄ±lÄ±Ã§daroÄŸlu #akÅŸener","['sondakika', 'altÄ±lÄ±masa', 'seÃ§im', 'chp', 'iyiparti', 'kÄ±lÄ±Ã§daroÄŸlu', 'akÅŸener']",False,https://t.co/dTid0gVONs,http://pbs.twimg.com/profile_images/1610304758895476738/FPgswfpW_normal.jpg,False,False,False,True,1
127,Mehmet93639794,#Ã‡Ä±raklarÄ°ÅŸÃ§idir,,206,316,23069,9,Stajerler adalet istiyor #StajaMuejdeVerin #RTE #DevletBahceli #chpwrr #kilicdaroglu #aksener https://t.co/m77cdSsyLn,"['StajaMuejdeVerin', 'RTE', 'DevletBahceli', 'chpwrr', 'kilicdaroglu', 'aksener']",False,,http://pbs.twimg.com/profile_images/1612342609321549826/MnLTJzfY_normal.jpg,False,False,False,True,1
128,polhaber,"| 'KÄ±sa ve doÄŸru haber' | https://t.co/bofML71nji 
@polradyo - @poltvspor",TÃ¼rkiye,2,323,2737,0,"AltÄ±lÄ± Masa: GeÃ§en sene bir siyasi mÃ¼hendislik Ã§abasÄ± olarak devreye sokulan seÃ§im sistemi ile yapÄ±lacak hiÃ§bir erken seÃ§ime destek vermeyeceÄŸiz

#sondakika #altÄ±lÄ±masa #seÃ§im #chp #iyiparti #kÄ±lÄ±ÅŸdaroÄŸlu #akÅŸener #haber","['sondakika', 'altÄ±lÄ±masa', 'seÃ§im', 'chp', 'iyiparti', 'kÄ±lÄ±ÅŸdaroÄŸlu', 'akÅŸener', 'haber']",False,https://t.co/dTid0gVONs,http://pbs.twimg.com/profile_images/1610304758895476738/FPgswfpW_normal.jpg,False,False,False,True,1
129,furkan38985202,,,167,428,44436,9,Stajerler adalet istiyor #StajaMuejdeVerin #RTE #DevletBahceli #chpwrr #kilicdaroglu #aksener https://t.co/m77cdSsyLn,"['StajaMuejdeVerin', 'RTE', 'DevletBahceli', 'chpwrr', 'kilicdaroglu', 'aksener']",False,,http://pbs.twimg.com/profile_images/1575083794666856448/pIxEo8sR_normal.jpg,False,False,False,True,1
130,HAKANER66097980,,,1933,231,5768,9,Stajerler adalet istiyor #StajaMuejdeVerin #RTE #DevletBahceli #chpwrr #kilicdaroglu #aksener https://t.co/m77cdSsyLn,"['StajaMuejdeVerin', 'RTE', 'DevletBahceli', 'chpwrr', 'kilicdaroglu', 'aksener']",False,,http://pbs.twimg.com/profile_images/943572137775910912/xkjzeDMO_normal.jpg,False,False,False,True,1
131,sarikayacemalp,,"Kayseri, TÃ¼rkiye",54,242,10612,9,Stajerler adalet istiyor #StajaMuejdeVerin #RTE #DevletBahceli #chpwrr #kilicdaroglu #aksener https://t.co/m77cdSsyLn,"['StajaMuejdeVerin', 'RTE', 'DevletBahceli', 'chpwrr', 'kilicdaroglu', 'aksener']",False,,http://pbs.twimg.com/profile_images/567412772573831168/tuXuxtOV_normal.jpeg,False,False,False,True,1
132,brahimTemr6,ÅŸehirler,,40,167,7599,9,Stajerler adalet istiyor #StajaMuejdeVerin #RTE #DevletBahceli #chpwrr #kilicdaroglu #aksener https://t.co/m77cdSsyLn,"['StajaMuejdeVerin', 'RTE', 'DevletBahceli', 'chpwrr', 'kilicdaroglu', 'aksener']",False,,http://pbs.twimg.com/profile_images/1390093676903374850/99vRacOk_normal.jpg,False,False,False,True,1
133,4232Erikci,YAÅASIN VATANIM DEVLETÄ°M MÄ°LLETÄ°M,,46,225,9312,9,Stajerler adalet istiyor #StajaMuejdeVerin #RTE #DevletBahceli #chpwrr #kilicdaroglu #aksener https://t.co/m77cdSsyLn,"['StajaMuejdeVerin', 'RTE', 'DevletBahceli', 'chpwrr', 'kilicdaroglu', 'aksener']",False,,http://pbs.twimg.com/profile_images/1263039225160744963/33LNkFxS_normal.jpg,False,False,False,True,1
134,KamilCA61987672,97 staj maÄŸduru,,1638,1154,38414,9,Stajerler adalet istiyor #StajaMuejdeVerin #RTE #DevletBahceli #chpwrr #kilicdaroglu #aksener https://t.co/m77cdSsyLn,"['StajaMuejdeVerin', 'RTE', 'DevletBahceli', 'chpwrr', 'kilicdaroglu', 'aksener']",False,,http://pbs.twimg.com/profile_images/1604145000329216000/T5QkOA8D_normal.jpg,False,False,False,True,1
135,AbdulkerimSanl,KoÃ§ak Farma,"Konya, TÃ¼rkiye",184,243,10918,9,Stajerler adalet istiyor #StajaMuejdeVerin #RTE #DevletBahceli #chpwrr #kilicdaroglu #aksener https://t.co/m77cdSsyLn,"['StajaMuejdeVerin', 'RTE', 'DevletBahceli', 'chpwrr', 'kilicdaroglu', 'aksener']",False,,http://pbs.twimg.com/profile_images/1275834391701438464/y_RSQJse_normal.jpg,False,False,False,True,1
136,dutturu_dunya06,adağŸ”—ErvağŸ”—HaticeğŸ”—MuratğŸ”—?,,1327,501,3355,9,Stajerler adalet istiyor #StajaMuejdeVerin #RTE #DevletBahceli #chpwrr #kilicdaroglu #aksener https://t.co/m77cdSsyLn,"['StajaMuejdeVerin', 'RTE', 'DevletBahceli', 'chpwrr', 'kilicdaroglu', 'aksener']",False,,http://pbs.twimg.com/profile_images/1609270711553560576/jNq08vOk_normal.jpg,False,False,False,True,1
137,dutturu_dunya06,adağŸ”—ErvağŸ”—HaticeğŸ”—MuratğŸ”—?,,1327,501,3355,9,Stajerler adalet istiyor #StajaMuejdeVerin #RTE #DevletBahceli #chpwrr #kilicdaroglu #aksener https://t.co/m77cdSsyLn,"['StajaMuejdeVerin', 'RTE', 'DevletBahceli', 'chpwrr', 'kilicdaroglu', 'aksener']",False,,http://pbs.twimg.com/profile_images/1609270711553560576/jNq08vOk_normal.jpg,False,False,False,True,1
138,Gemlikhaberci,"Gemlikhaberci
The official twitter account of. #Gemlik #Bursa","Gemlik, TÃ¼rkiye",1227,945,4902,0,"""KILIÃ‡DAROÄLU, AKÅENER'Ä° ADAYLIÄI Ä°Ã‡Ä°N Ä°KNA ETTÄ°""  #haber #akÅŸener #meralakÅŸener #kÄ±lÄ±Ã§daroÄŸlu #erkenseÃ§im #seÃ§im https://t.co/n7HsAJM9WG","['haber', 'akÅŸener', 'meralakÅŸener', 'kÄ±lÄ±Ã§daroÄŸlu', 'erkenseÃ§im', 'seÃ§im']",False,https://t.co/yjujJkZMby,http://pbs.twimg.com/profile_images/1607821346351759366/v1aKfd2B_normal.jpg,False,False,False,True,1
139,snglu17,,,28,25,1022,0,@KamuSefleriD_G LÃ¼tfen HakkÄ±mÄ±z 0lan 3600 sesimize kulak verin.Bizi maÄŸdur etmeyin.#kilicdaroglu #Babacan #davutoÄŸlu #akÅŸener #buldan,"['kilicdaroglu', 'Babacan', 'davutoÄŸlu', 'akÅŸener', 'buldan']",False,,http://abs.twimg.com/sticky/default_profile_images/default_profile_normal.png,False,False,False,True,1
140,yasinhazar_,"ğŸ‡¹ğŸ‡· 
Actor - Singer - Writer",TÃ¼rkiye,52,12,515,0,"#AltÄ±lÄ±masa KÄ±lÄ±Ã§taroÄŸlu'nun inadÄ± yÃ¼zÃ¼nden en sonunda daÄŸÄ±lacak Ã§Ã¼nkÃ¼ zaten  aday olsa bile yine kaybedecek
..ve unutulmasÄ±n ki  #ErdoÄŸan kaybetse dahi artÄ±k muhalefete taraf olacak o eski laik ordudan eser yok
#babacan #akÅŸener #kÄ±lÄ±Ã§taroÄŸlu","['AltÄ±lÄ±masa', 'ErdoÄŸan', 'babacan', 'akÅŸener', 'kÄ±lÄ±Ã§taroÄŸlu']",False,https://t.co/UP5gBbHxbI,http://pbs.twimg.com/profile_images/1472850595258281984/GXZEsOF3_normal.jpg,False,False,False,True,1
141,serdengecti1988,,,534,483,154768,9,"âš¡#KÄ±lÄ±Ã§daroÄŸlu-#AkÅŸener-#Ä°mamoÄŸlu Ã§ekiÅŸmesi mizahi dille anlatÄ±ldÄ±...

ğŸ’¥â€™ZÃ¼bÃ¼kâ€™ filmini aratmayan siyasi ikbal kavgasÄ±: #SaraÃ§hane tiyatrosuna Ã¶zel animasyon filmi sosyal medyada olay yarattÄ±â—

https://t.co/5b0QcnFvrl","['KÄ±lÄ±Ã§daroÄŸlu', 'AkÅŸener', 'Ä°mamoÄŸlu']",False,,http://pbs.twimg.com/profile_images/1567895224046821376/G6MJ86og_normal.jpg,False,False,False,True,1
142,kotanmehmetaly,,,1310,920,46154,9,"âš¡#KÄ±lÄ±Ã§daroÄŸlu-#AkÅŸener-#Ä°mamoÄŸlu Ã§ekiÅŸmesi mizahi dille anlatÄ±ldÄ±...

ğŸ’¥â€™ZÃ¼bÃ¼kâ€™ filmini aratmayan siyasi ikbal kavgasÄ±: #SaraÃ§hane tiyatrosuna Ã¶zel animasyon filmi sosyal medyada olay yarattÄ±â—

https://t.co/5b0QcnFvrl","['KÄ±lÄ±Ã§daroÄŸlu', 'AkÅŸener', 'Ä°mamoÄŸlu']",False,,http://pbs.twimg.com/profile_images/1437314153174159360/Df0k5hv1_normal.jpg,False,False,False,True,1
143,CNGZER,https://t.co/3M1QSngC7k https://t.co/D8GRZcl5QX,"Ä°stanbul, TÃ¼rkiye",1711,27038,289728,9,"âš¡#KÄ±lÄ±Ã§daroÄŸlu-#AkÅŸener-#Ä°mamoÄŸlu Ã§ekiÅŸmesi mizahi dille anlatÄ±ldÄ±...

ğŸ’¥â€™ZÃ¼bÃ¼kâ€™ filmini aratmayan siyasi ikbal kavgasÄ±: #SaraÃ§hane tiyatrosuna Ã¶zel animasyon filmi sosyal medyada olay yarattÄ±â—

https://t.co/5b0QcnFvrl","['KÄ±lÄ±Ã§daroÄŸlu', 'AkÅŸener', 'Ä°mamoÄŸlu']",False,https://t.co/3M1QSngC7k,http://pbs.twimg.com/profile_images/1163195419268194305/51QtQAeh_normal.jpg,False,False,False,True,1
144,Geronimo1909us,"SÃ¶z GÃ¼mÃ¼ÅŸ ise, SÃ¼kut AltÄ±n'dÄ±r.
Whatever of good reaches you, is from AllÃ¢h, but whatever of evil befalls you, is from yourself. (Qur'An Nisa:79)",,128,82,11284,9,"âš¡#KÄ±lÄ±Ã§daroÄŸlu-#AkÅŸener-#Ä°mamoÄŸlu Ã§ekiÅŸmesi mizahi dille anlatÄ±ldÄ±...

ğŸ’¥â€™ZÃ¼bÃ¼kâ€™ filmini aratmayan siyasi ikbal kavgasÄ±: #SaraÃ§hane tiyatrosuna Ã¶zel animasyon filmi sosyal medyada olay yarattÄ±â—

https://t.co/5b0QcnFvrl","['KÄ±lÄ±Ã§daroÄŸlu', 'AkÅŸener', 'Ä°mamoÄŸlu']",False,,http://pbs.twimg.com/profile_images/1296556634140020737/K1CElett_normal.jpg,False,False,False,True,1
145,mihailramazan,,TÃ¼rkiye,1940,382,235767,9,"âš¡#KÄ±lÄ±Ã§daroÄŸlu-#AkÅŸener-#Ä°mamoÄŸlu Ã§ekiÅŸmesi mizahi dille anlatÄ±ldÄ±...

ğŸ’¥â€™ZÃ¼bÃ¼kâ€™ filmini aratmayan siyasi ikbal kavgasÄ±: #SaraÃ§hane tiyatrosuna Ã¶zel animasyon filmi sosyal medyada olay yarattÄ±â—

https://t.co/5b0QcnFvrl","['KÄ±lÄ±Ã§daroÄŸlu', 'AkÅŸener', 'Ä°mamoÄŸlu']",False,,http://pbs.twimg.com/profile_images/1275147326038908933/KTULce1c_normal.jpg,False,False,False,True,1
146,Huseyin_ercan44,KÃ¶ÅŸe YazarlarÄ± Ekonomi ve Finans GÃ¼ndem PolitikacÄ±lar Programlar ÃœnlÃ¼ler Futbol SÃ¼per Lig Sinema Mizah Yerli MÃ¼zik Spor TÃ¼rkiye Siyaseti Televizyon Diziler,"Ankara, TÃ¼rkiye",188,106,8377,9,"âš¡#KÄ±lÄ±Ã§daroÄŸlu-#AkÅŸener-#Ä°mamoÄŸlu Ã§ekiÅŸmesi mizahi dille anlatÄ±ldÄ±...

ğŸ’¥â€™ZÃ¼bÃ¼kâ€™ filmini aratmayan siyasi ikbal kavgasÄ±: #SaraÃ§hane tiyatrosuna Ã¶zel animasyon filmi sosyal medyada olay yarattÄ±â—

https://t.co/5b0QcnFvrl","['KÄ±lÄ±Ã§daroÄŸlu', 'AkÅŸener', 'Ä°mamoÄŸlu']",False,,http://pbs.twimg.com/profile_images/1267404391436488709/Pbhz8qkU_normal.jpg,False,False,False,True,1
147,gonul353535,,"Ä°zmir, TÃ¼rkiye",3133,2437,90809,9,"âš¡#KÄ±lÄ±Ã§daroÄŸlu-#AkÅŸener-#Ä°mamoÄŸlu Ã§ekiÅŸmesi mizahi dille anlatÄ±ldÄ±...

ğŸ’¥â€™ZÃ¼bÃ¼kâ€™ filmini aratmayan siyasi ikbal kavgasÄ±: #SaraÃ§hane tiyatrosuna Ã¶zel animasyon filmi sosyal medyada olay yarattÄ±â—

https://t.co/5b0QcnFvrl","['KÄ±lÄ±Ã§daroÄŸlu', 'AkÅŸener', 'Ä°mamoÄŸlu']",False,,http://pbs.twimg.com/profile_images/761362901676482560/_aFDcYrH_normal.jpg,False,False,False,True,1
148,superhabervideo,,"Ä°stanbul, TÃ¼rkiye",4,2569,13693,9,"âš¡#KÄ±lÄ±Ã§daroÄŸlu-#AkÅŸener-#Ä°mamoÄŸlu Ã§ekiÅŸmesi mizahi dille anlatÄ±ldÄ±...

ğŸ’¥â€™ZÃ¼bÃ¼kâ€™ filmini aratmayan siyasi ikbal kavgasÄ±: #SaraÃ§hane tiyatrosuna Ã¶zel animasyon filmi sosyal medyada olay yarattÄ±â—

https://t.co/5b0QcnFvrl","['KÄ±lÄ±Ã§daroÄŸlu', 'AkÅŸener', 'Ä°mamoÄŸlu']",False,https://t.co/c1PhkNmkNr,http://pbs.twimg.com/profile_images/1463474967874576389/-NivOnGg_normal.jpg,False,False,False,True,1
149,superhaber,TÃ¼rkiye'nin en etkili haber kaynaÄŸÄ± â€¢ #sondakika #haber #siyaset #dÃ¼nya #ekonomi #teknoloji #savunma #spor #magazin #saglik #istanbul #turkey,"Ä°stanbul, TÃ¼rkiye",141,244444,198351,9,"âš¡#KÄ±lÄ±Ã§daroÄŸlu-#AkÅŸener-#Ä°mamoÄŸlu Ã§ekiÅŸmesi mizahi dille anlatÄ±ldÄ±...

ğŸ’¥â€™ZÃ¼bÃ¼kâ€™ filmini aratmayan siyasi ikbal kavgasÄ±: #SaraÃ§hane tiyatrosuna Ã¶zel animasyon filmi sosyal medyada olay yarattÄ±â—

https://t.co/5b0QcnFvrl","['KÄ±lÄ±Ã§daroÄŸlu', 'AkÅŸener', 'Ä°mamoÄŸlu', 'SaraÃ§hane']",False,https://t.co/afOACYsIhO,http://pbs.twimg.com/profile_images/1400754181477109760/mQYOlj8e_normal.jpg,False,False,False,True,1
150,KerimAkcoru,"https://t.co/3Tov858DBRâ€¦
ğŸ‡¹ğŸ‡·TÃ¼rk Milletinden ve TÃ¼rkiye Cumhuriyeti Devletinden Yana Taraf...ğŸ‡¹ğŸ‡·
Evli- iki evlat- iki torun","Mersin, TÃ¼rkiye",2421,1818,3873,0,"Abone Olup Takip Ederseniz Memnun Olurum
BABA OÄUL SON DANS #imamoÄŸlu #iyiparti #kÄ±lÄ±Ã§daroÄŸlu #akÅŸener https://t.co/Oj9n0zS77E @YouTube aracÄ±lÄ±ÄŸÄ±yla","['imamoÄŸlu', 'iyiparti', 'kÄ±lÄ±Ã§daroÄŸlu', 'akÅŸener']",False,,http://pbs.twimg.com/profile_images/1606928223744450560/n8wtcGs__normal.jpg,False,False,False,True,1
151,smmm1972,,"Ä°zmir, TÃ¼rkiye",1399,292,13392,89,"Bir Arap gazetecinin gÃ¶zÃ¼nden Meral AkÅŸener, MÃ¼slÃ¼manlÄ±k, TÃ¼rklÃ¼k, AraplÄ±k meselesiâ€¦  #aksener https://t.co/WfBi0Uf07u",['aksener'],False,,http://pbs.twimg.com/profile_images/1351953047145091073/XgIc__1M_normal.jpg,False,False,False,True,1
152,cicimorado,,Ä°spanya,279,81,6608,0,@erkbas @kilicdarogluk Muhalefet #EytAcilMeclise  yasa sunsun yaÅŸ kalkmadan Ã¶nce Ã¶nerilen teklifi tekrar sunsun ABO oranÄ± 1999 Ã¶ncesi olacak ÅŸekilde ve staj SSK giriÅŸi sayÄ±lacak ÅŸekilde kanun teklifini muhalefetten bekliyoruz #kilicdaroglu #akÅŸener   #EytAcilMeclise,"['EytAcilMeclise', 'kilicdaroglu', 'akÅŸener', 'EytAcilMeclise']",False,,http://pbs.twimg.com/profile_images/1403381839839047680/ie0R1Ujc_normal.jpg,False,False,False,True,1
153,cicimorado,,Ä°spanya,279,81,6608,0,@kilicdarogluk Muhalefet #EytAcilMeclise  yasa sunsun yaÅŸ kalkmadan Ã¶nce Ã¶nerilen teklifi tekrar sunsun ABO oranÄ± 1999 Ã¶ncesi olacak ÅŸekilde ve staj SSK giriÅŸi sayÄ±lacak ÅŸekilde kanun teklifini muhalefetten bekliyoruz #kilicdaroglu #akÅŸener   #EytAcilMeclise #erkanbaÅŸ,"['EytAcilMeclise', 'kilicdaroglu', 'akÅŸener', 'EytAcilMeclise', 'erkanbaÅŸ']",False,,http://pbs.twimg.com/profile_images/1403381839839047680/ie0R1Ujc_normal.jpg,False,False,False,True,1
154,cicimorado,,Ä°spanya,279,81,6608,0,Muhalefet yasa sunsun yaÅŸ kalkmadan Ã¶nce Ã¶nerilen teklifi tekrar subsun ABP oranÄ± 1999 Ã¶ncesi olacak ÅŸekilde ve staj SSK giriÅŸi sayÄ±lacak ÅŸekilde kanun teklifini muhalefetten bekliyoruz #kilicdaroglu #akÅŸener   #EytAcilMeclise #erkanbaÅŸ,"['kilicdaroglu', 'akÅŸener', 'EytAcilMeclise', 'erkanbaÅŸ']",False,,http://pbs.twimg.com/profile_images/1403381839839047680/ie0R1Ujc_normal.jpg,False,False,False,True,1
155,hakansan29,Gazeteci...,TÃ¼rkiye,237,306,5248,0,"SeÃ§im ne zaman? Nisan senaryosu ve iki tarih.. @kozmikturk https://t.co/VNCyGB9aaM 
#seÃ§imnezaman #seÃ§imtarihi #nisan #ikitarih #tbmm #erdoÄŸan #akÅŸener #kÄ±lÄ±Ã§daroÄŸlu #bahÃ§eli","['seÃ§imnezaman', 'seÃ§imtarihi', 'nisan', 'ikitarih', 'tbmm', 'erdoÄŸan', 'akÅŸener', 'kÄ±lÄ±Ã§daroÄŸlu', 'bahÃ§eli']",False,https://t.co/vmw3E8qcuN,http://pbs.twimg.com/profile_images/961753283848175616/LgsZzZMT_normal.jpg,False,False,False,True,1
156,YumiyyumO,YakÄ±ÅŸÄ±klÄ±,,178,275,4283,0,"Kamuda Proje BazlÄ± Ã‡alÄ±ÅŸan TÃ¼m SÃ¼reli SÃ¶zleÅŸmeliler de Ä°Å GÃœVENCESÄ°,KADRO Ä°STÄ°YOR.
#kilicdaroglu
#meral_akÅŸener
#MeralAkÅŸener
#CHPSESÄ°MÄ°ZOL
#GelecekPartisi
#DevaPartisi
#vedatbilgin
#AhmetDavutoÄŸlu
#OEzguerOEzel
#Ã–zgÃ¼rÃ–zel
@herkesicinCHP
@iyiparti
#aksener
#babacan
@devapartisi","['kilicdaroglu', 'meral_akÅŸener', 'MeralAkÅŸener', 'CHPSESÄ°MÄ°ZOL', 'GelecekPartisi', 'DevaPartisi', 'vedatbilgin', 'AhmetDavutoÄŸlu', 'OEzguerOEzel', 'Ã–zgÃ¼rÃ–zel', 'aksener', 'babacan']",False,,http://pbs.twimg.com/profile_images/1475256286937858050/ItIZVjWt_normal.jpg,False,False,False,True,1
157,tar_tamer,,,202,22,59,0,AltÄ±lÄ± masanÄ±n ileri gelenleri lÃ¼tfen bizi ÅŸu  siyasal islamcilarla muhatap etmeyin zaten midemiz aÄŸzÄ±mÄ±zda.. #kilicdaroglu #aksener #CHP #iyiparti,"['kilicdaroglu', 'aksener', 'CHP', 'iyiparti']",False,,http://pbs.twimg.com/profile_images/1385901968237944832/EhyVczPs_normal.jpg,False,False,False,True,1
158,fkgermenli,ondulin(ANNE)DARBELERE ALDIRMAM,saksonya,2554,2420,143881,0,"@AvukatBelcin @lordsinov @lordsinov sohbet odalarÄ±nda #MuharremÄ°nce iÃ§in bitti,finito cÃ¼mleleri kullandÄ±ÄŸÄ±ndan beri takip etmiyorum #AkÅŸener hayranÄ±,tarafsÄ±z deÄŸil Ã¼zÃ¼lerek buaraÅŸtÄ±rmacÄ± kiÅŸiliÄŸi eleÅŸtiriyorum, bunca bilgi,izlenimin iÃ§inde @vekilince iÃ§in ne kolay bitti diyebiliyor hesaptamÄ± bilmiyor","['MuharremÄ°nce', 'AkÅŸener']",False,,http://pbs.twimg.com/profile_images/1609315198661234689/Zq71sdtD_normal.jpg,False,False,False,True,1
159,BinGencKM,"GÃ¼ndemin NabzÄ± GenÃ§lik Ä°le Atar.

Yurttan ve DÃ¼nya'dan anlÄ±k haberdar olmak adÄ±na...

YazÄ±yor yazÄ±yoooooooor........",TÃ¼rkiye,67,93,2204,0,"DemokratikleÅŸmek yerine, otoriterleÅŸmeyi seÃ§tiler...

#SONDAKIKA #haber #sonDakika #akÅŸener #Erdogan","['SONDAKIKA', 'haber', 'sonDakika', 'akÅŸener', 'Erdogan']",False,,http://pbs.twimg.com/profile_images/1608497108771913729/Sy2VrlcI_normal.jpg,False,False,False,True,1
160,okantuna16,Gazeteci https://t.co/jREBSv9inY okantuna@hotmail.com instagram: okantuna16,,826,5514,6113,1,"GÃ¼nÃ¼n GÃ¼ndemi (4 Ocak 2023 Ã‡arÅŸamba)

GÃ¼nÃ¼n GÃ¼ndemi' hafta iÃ§i her gÃ¼n saat 18.00'da yayÄ±nda... Ä°ÅŸte 4 Ocak 2023 Ã‡arÅŸamba gÃ¼nÃ¼ yaÅŸananlar... 

#GÃ¼nÃ¼nGÃ¼ndemi #koza24 #Bursa #GÃ¶kÃ§elik #AtÄ±ÅŸYapÄ± #AtÄ±ÅŸÄ°nvest #TeknolojiFen #BÃ¼yÃ¼kÅŸehir #Alkol #ErdoÄŸan #AkÅŸener #Ä°mamoÄŸlu #Simit https://t.co/KXUyy69Bxv",[],False,,http://pbs.twimg.com/profile_images/1574468571958317089/zgMxmyQW_normal.jpg,False,False,False,True,1
161,k24medya,Yeni Nesil Medya,,8,217,32781,1,"GÃ¼nÃ¼n GÃ¼ndemi (4 Ocak 2023 Ã‡arÅŸamba)

GÃ¼nÃ¼n GÃ¼ndemi' hafta iÃ§i her gÃ¼n saat 18.00'da yayÄ±nda... Ä°ÅŸte 4 Ocak 2023 Ã‡arÅŸamba gÃ¼nÃ¼ yaÅŸananlar... 

#GÃ¼nÃ¼nGÃ¼ndemi #koza24 #Bursa #GÃ¶kÃ§elik #AtÄ±ÅŸYapÄ± #AtÄ±ÅŸÄ°nvest #TeknolojiFen #BÃ¼yÃ¼kÅŸehir #Alkol #ErdoÄŸan #AkÅŸener #Ä°mamoÄŸlu #Simit https://t.co/KXUyy69Bxv","['GÃ¼nÃ¼nGÃ¼ndemi', 'koza24', 'Bursa', 'GÃ¶kÃ§elik', 'AtÄ±ÅŸYapÄ±', 'AtÄ±ÅŸÄ°nvest', 'TeknolojiFen', 'BÃ¼yÃ¼kÅŸehir', 'Alkol', 'ErdoÄŸan', 'AkÅŸener', 'Ä°mamoÄŸlu', 'Simit']",False,https://t.co/qPUT6vWGy6,http://pbs.twimg.com/profile_images/1350387709785894912/IU8Mrm9W_normal.jpg,False,False,False,True,1
162,Kyhnztrk,Ekonomi gazetecisi,Ä°stanbul,934,1400,121970,1,"#Ä°YÄ°Parti lideri #AkÅŸener â€™den aÃ§Ä±klamalar
https://t.co/SO0m1cwFul","['Ä°YÄ°Parti', 'AkÅŸener']",False,https://t.co/nBgDkrFQ1l,http://pbs.twimg.com/profile_images/1440473424/kayhan_ozturk_normal.jpg,False,False,False,True,1
163,gercekgazetee,GerÃ§ek Gazete Resmi Twitter HesabÄ±,,3,7226,21975,5,"ğŸ“Œâ€™GÃ¶k kubbeyi baÅŸÄ±nÄ±za yÄ±karÄ±z, cehennemin kapÄ±larÄ±nÄ± aÃ§arÄ±zâ€™ YukarÄ±larda neler oluyor..?

Saat 16:00â€™da Ali TarakcÄ± ile GÃ¼ndemâ€™i kaÃ§Ä±rmayÄ±n

YayÄ±nÄ± izlemek iÃ§inâ¬‡ï¸
https://t.co/V2cJFBIA2C

#imamoÄŸlu #erdoÄŸan #Ä°BB #terÃ¶r #FETÃ– #Ã§ataklÄ± #akÅŸener #soylu #tÃ¼rkiye #zam #emekli https://t.co/HXyB8tOM6G",[],False,https://t.co/2md8Pdqk1t,http://pbs.twimg.com/profile_images/1571238670002176001/P_Xns9eJ_normal.jpg,False,False,False,True,1
164,polhaber,"| 'KÄ±sa ve doÄŸru haber' | https://t.co/bofML71nji 
@polradyo - @poltvspor",TÃ¼rkiye,2,323,2737,0,"Ä°YÄ° Partinin en dÃ¼ÅŸÃ¼k emekli maaÅŸÄ±nÄ±n asgari Ã¼cret seviyesine Ã§Ä±karÄ±lmasÄ± Ã¶nerisi AK Parti ve MHP oylarÄ±yla reddedildi.

#iyiparti #akÅŸener #akparti #mhp #sondakika #gÃ¼ndem #asgariÃ¼cret https://t.co/j4vCv6v4vD","['iyiparti', 'akÅŸener', 'akparti', 'mhp', 'sondakika', 'gÃ¼ndem', 'asgariÃ¼cret']",False,https://t.co/dTid0gVONs,http://pbs.twimg.com/profile_images/1610304758895476738/FPgswfpW_normal.jpg,False,False,False,True,1
165,elfida23646699,"Ä°deolojiler, doktrinler ve kanlÄ± ÅŸakalar insanÄ±n cinnetlerini yansÄ±ttÄ±ÄŸÄ± saflÄ±ÄŸÄ±nÄ± yitirmiÅŸ fikirlerden doÄŸar.","Ankara, TÃ¼rkiye",1744,1280,33632,4,"#AkÅŸener, ""Asgari Ã¼cret aÃ§lÄ±k sÄ±nÄ±rÄ±nÄ±n altÄ±nda kalacak""
#AsgariÃœcret #SinanAteÅŸ
https://t.co/pnpdCq9sUc","['AkÅŸener', 'AsgariÃœcret', 'SinanAteÅŸ']",False,,http://pbs.twimg.com/profile_images/1542471540905852928/lweWWHUZ_normal.jpg,False,False,False,True,1
166,OzaplakSebnem,,,2239,861,13448,5,"ğŸ“Œâ€™GÃ¶k kubbeyi baÅŸÄ±nÄ±za yÄ±karÄ±z, cehennemin kapÄ±larÄ±nÄ± aÃ§arÄ±zâ€™ YukarÄ±larda neler oluyor..?

Saat 16:00â€™da Ali TarakcÄ± ile GÃ¼ndemâ€™i kaÃ§Ä±rmayÄ±n

YayÄ±nÄ± izlemek iÃ§inâ¬‡ï¸
https://t.co/V2cJFBIA2C

#imamoÄŸlu #erdoÄŸan #Ä°BB #terÃ¶r #FETÃ– #Ã§ataklÄ± #akÅŸener #soylu #tÃ¼rkiye #zam #emekli https://t.co/HXyB8tOM6G",[],False,,http://abs.twimg.com/sticky/default_profile_images/default_profile_normal.png,False,False,False,True,1
167,alitarakcii,Sadece demokratÄ±m... https://t.co/JsiZSQ8aS6 @gercekgazetee https://t.co/MeqiuZM9aw @gercektivi,,180,41734,23381,5,"ğŸ“Œâ€™GÃ¶k kubbeyi baÅŸÄ±nÄ±za yÄ±karÄ±z, cehennemin kapÄ±larÄ±nÄ± aÃ§arÄ±zâ€™ YukarÄ±larda neler oluyor..?

Saat 16:00â€™da Ali TarakcÄ± ile GÃ¼ndemâ€™i kaÃ§Ä±rmayÄ±n

YayÄ±nÄ± izlemek iÃ§inâ¬‡ï¸
https://t.co/V2cJFBIA2C

#imamoÄŸlu #erdoÄŸan #Ä°BB #terÃ¶r #FETÃ– #Ã§ataklÄ± #akÅŸener #soylu #tÃ¼rkiye #zam #emekli https://t.co/HXyB8tOM6G",[],False,https://t.co/JsiZSQ8aS6,http://pbs.twimg.com/profile_images/1525252714065801216/x_wXIW8w_normal.jpg,False,False,False,True,1
168,gercektivi,https://t.co/U82zvdpIk8,,3,4747,1005,5,"ğŸ“Œâ€™GÃ¶k kubbeyi baÅŸÄ±nÄ±za yÄ±karÄ±z, cehennemin kapÄ±larÄ±nÄ± aÃ§arÄ±zâ€™ YukarÄ±larda neler oluyor..?

Saat 16:00â€™da Ali TarakcÄ± ile GÃ¼ndemâ€™i kaÃ§Ä±rmayÄ±n

YayÄ±nÄ± izlemek iÃ§inâ¬‡ï¸
https://t.co/V2cJFBIA2C

#imamoÄŸlu #erdoÄŸan #Ä°BB #terÃ¶r #FETÃ– #Ã§ataklÄ± #akÅŸener #soylu #tÃ¼rkiye #zam #emekli https://t.co/HXyB8tOM6G","['imamoÄŸlu', 'erdoÄŸan', 'Ä°BB', 'terÃ¶r', 'FETÃ–', 'Ã§ataklÄ±', 'akÅŸener', 'soylu', 'tÃ¼rkiye', 'zam', 'emekli']",False,https://t.co/dU3ZPeJKJk,http://pbs.twimg.com/profile_images/1406527520435019779/1CuwqWuY_normal.jpg,False,False,False,True,1
169,KahirliMehmet,,,1,0,15,1,"#AkÅŸener: Hakkaniyet gereÄŸi, 1999 yÄ±lÄ± Ã¶ncesi sisteme girmiÅŸ olan potansiyel #EYTâ€™lilerin de bu dÃ¼zenlemenin kapsamÄ± iÃ§ine alÄ±nmasÄ±nÄ± saÄŸlayacaÄŸÄ±z. https://t.co/aXYhLZ6Uip","['AkÅŸener', 'EYT']",False,,http://pbs.twimg.com/profile_images/1607369927178043392/2qbW-wkR_normal.png,False,False,False,True,1
170,sururozturk,"Emekli haber editÃ¶rÃ¼. OlaylarÄ±n perde arkasÄ±yla ilgilenir. Her gÃ¶rÃ¼ÅŸÃ¼ Ã¶n yargÄ±sÄ±z dinler. KÃ¼ltÃ¼r ve sanat ise biricik dÃ¼nyasÄ±, vazgeÃ§ilmez tutkusu. (Muhalif)",Ä°stanbul,4980,4180,36565,1,"#AkÅŸener: Hakkaniyet gereÄŸi, 1999 yÄ±lÄ± Ã¶ncesi sisteme girmiÅŸ olan potansiyel #EYTâ€™lilerin de bu dÃ¼zenlemenin kapsamÄ± iÃ§ine alÄ±nmasÄ±nÄ± saÄŸlayacaÄŸÄ±z. https://t.co/aXYhLZ6Uip","['AkÅŸener', 'EYT']",False,https://t.co/h9uLkhe9hd,http://pbs.twimg.com/profile_images/1368208252358582272/4GEpMD23_normal.jpg,False,False,False,True,1
171,manset_ekonomi,"Ekonominin Son ManÅŸeti...

FarkÄ±nÄ±z olsun; ilk siz duyun, ilk siz okuyun..",TÃœRKÄ°YE ,350,1350,44522,1,"#Ä°YÄ°Parti lideri #AkÅŸener â€™den aÃ§Ä±klamalar
https://t.co/SO0m1cwFul","['Ä°YÄ°Parti', 'AkÅŸener']",False,https://t.co/AdF4tnYbiK,http://pbs.twimg.com/profile_images/1360673110073163779/knusPJqi_normal.jpg,False,False,False,True,1
172,ankarahbr,haber ve takip...,,343,101,4168,4,"#AkÅŸener, ""Asgari Ã¼cret aÃ§lÄ±k sÄ±nÄ±rÄ±nÄ±n altÄ±nda kalacak""
#AsgariÃœcret #SinanAteÅŸ
https://t.co/pnpdCq9sUc","['AkÅŸener', 'AsgariÃœcret', 'SinanAteÅŸ']",False,,http://pbs.twimg.com/profile_images/1435370710722138114/Ke8XfbKX_normal.jpg,False,False,False,True,1
173,haberankaracom,HER AN | haberankara,Ankara,195,14088,87371,0,"AkÅŸener'den Sinan AteÅŸ aÃ§Ä±klamasÄ± 
#MeralAkÅŸener #Ä°YÄ°Parti #AkÅŸener #SinanAteÅŸ #MHP 
https://t.co/ddvTwvpQ0E","['MeralAkÅŸener', 'Ä°YÄ°Parti', 'AkÅŸener', 'SinanAteÅŸ', 'MHP']",False,https://t.co/7zEYJEuKaX,http://pbs.twimg.com/profile_images/1241809250445406211/7JFmwGx0_normal.jpg,False,False,False,True,1
174,Ankara_Masasi,,"Ankara, TÃ¼rkiye",2373,33653,67347,4,"#AkÅŸener, ""Asgari Ã¼cret aÃ§lÄ±k sÄ±nÄ±rÄ±nÄ±n altÄ±nda kalacak""
#AsgariÃœcret #SinanAteÅŸ
https://t.co/pnpdCq9sUc","['AkÅŸener', 'AsgariÃœcret', 'SinanAteÅŸ']",False,https://t.co/SwuofJTHYS,http://pbs.twimg.com/profile_images/1375480027597406208/i2GgX5Lw_normal.jpg,False,False,False,True,1
175,AnkaraMasasi,"TuÌˆrkiyeâ€™nin kalbi Ankaraâ€™da atar. Haberin yeni adresi Ankara MasasÄ±, guÌˆn boyu canlÄ± yayÄ±nlar, yerel ve ulusal son dakika gelisÌ§meleriyle yayÄ±nda",Ankara,0,15942,75438,4,"#AkÅŸener, ""Asgari Ã¼cret aÃ§lÄ±k sÄ±nÄ±rÄ±nÄ±n altÄ±nda kalacak""
#AsgariÃœcret #SinanAteÅŸ
https://t.co/pnpdCq9sUc","['AkÅŸener', 'AsgariÃœcret', 'SinanAteÅŸ']",False,https://t.co/mFumKTOh2N,http://pbs.twimg.com/profile_images/1295656012809216000/EFGyRjAi_normal.jpg,False,False,False,True,1
176,abdulkdir_selvi,,,2036,399061,7416,1,"ğŸ“ŒAkÅŸener, KÄ±lÄ±Ã§daroÄŸluâ€™nu destekleyecek mi?

âœğŸ»@abdulkdir_selvi
#6lÄ±masa #CHP #AkÅŸener #KÄ±lÄ±Ã§daroÄŸlu #gÃ¼ncel #gÃ¼ndem #haber 
https://t.co/5Tz00lZC10","['6lÄ±masa', 'CHP', 'AkÅŸener', 'KÄ±lÄ±Ã§daroÄŸlu', 'gÃ¼ncel', 'gÃ¼ndem', 'haber']",False,,http://pbs.twimg.com/profile_images/686968192359612419/2qF3R-Ci_normal.jpg,False,False,False,True,1
177,demokratgundem,Siyaset ve hak haberlerinin yanÄ± sÄ±ra 'Bir BuÃ§uk Derece' adlÄ± podcast yayÄ±nlarÄ±mÄ±zda Ã§evre-iklim sorunlarÄ±nÄ± da konuÅŸuyoruz... ğŸŒ¿,Ä°zmir,338,2952,46538,0,"AkÅŸener'den 'Sinan AteÅŸ' aÃ§Ä±klamasÄ±: 'Ailesinin Ã¶zel talebi oldu'
https://t.co/VNINbI7CDO +++ #meralakÅŸener #sinanateÅŸ #akÅŸener #cinayet #Ã¼lkÃ¼ocaklarÄ± #mhp #iyiparti #haberler #politika https://t.co/UU3h1MuIIb","['meralakÅŸener', 'sinanateÅŸ', 'akÅŸener', 'cinayet', 'Ã¼lkÃ¼ocaklarÄ±', 'mhp', 'iyiparti', 'haberler', 'politika']",False,https://t.co/gDYCjKFVqf,http://pbs.twimg.com/profile_images/1445298846561705989/qSsrcdxa_normal.jpg,False,False,False,True,1
178,polhaber,"| 'KÄ±sa ve doÄŸru haber' | https://t.co/bofML71nji 
@polradyo - @poltvspor",TÃ¼rkiye,2,323,2737,0,"Meral AkÅŸener: En dÃ¼ÅŸÃ¼k emekli maaÅŸÄ±nÄ± asgari Ã¼crete Ä°YÄ° Parti iktidarÄ±nda, biz Ã§Ä±karacaÄŸÄ±z!

#akÅŸener #iyiparti #tbmm #asgariÃ¼cret #sondakika","['akÅŸener', 'iyiparti', 'tbmm', 'asgariÃ¼cret', 'sondakika']",False,https://t.co/dTid0gVONs,http://pbs.twimg.com/profile_images/1610304758895476738/FPgswfpW_normal.jpg,False,False,False,True,1
179,bursadabugun,"Bursa gÃ¼ndemi, gÃ¼nÃ¼n sÄ±cak geliÅŸmeleri, en canlÄ± haberler Bursa'nÄ±n en hÄ±zlÄ± internet haber portalÄ± http://t.co/KFWICeP8Rc'da habersiz kalma.","Bursa, TÃ¼rkiye",196,60175,201815,0,"AkÅŸener, partisinin grup toplantÄ±sÄ±nda konuÅŸuyor!
#iyiparti #meralakÅŸener #akÅŸener 

Ä°zle---&gt; https://t.co/eciex8rAVW https://t.co/JihGVUb2f1","['iyiparti', 'meralakÅŸener', 'akÅŸener']",True,http://t.co/fXMdG6lYLE,http://pbs.twimg.com/profile_images/1193189748610945029/WWsd4Y1b_normal.jpg,False,False,False,False,0
180,iyipartililerr,"Ä°YÄ° PARTÄ° var! Ä°YÄ° PARTÄ°LÄ°LER var!
Meral AkÅŸener var! TÃ¼rkiyenin umudu var.
#MERALAKÅENER ğŸ‡¹ğŸ‡·
#TÃœRKÄ°YEÄ°YÄ°OLACAK â˜€ï¸","Ä°stanbul, TÃ¼rkiye",2328,4438,2663,0,"TÃ¼rkiye ekran baÅŸÄ±nda Genel BaÅŸkanÄ±mÄ±z Sn. @meral_aksener bekliyor. 
TÃ¼rkiye umut dolu Liderini kucaklÄ±yor.
Cesur Lider Cesur TÃ¼rkiye! 
Gelecek yarÄ±nlar Ä°YÄ° olsun diye SENÄ°NLEYÄ°Z #AkÅŸener ğŸ‡¹ğŸ‡·",['AkÅŸener'],False,https://t.co/R91ICgn3F0,http://pbs.twimg.com/profile_images/923450981177806848/UfQjkDkj_normal.jpg,False,False,False,True,1
181,superhaber,TÃ¼rkiye'nin en etkili haber kaynaÄŸÄ± â€¢ #sondakika #haber #siyaset #dÃ¼nya #ekonomi #teknoloji #savunma #spor #magazin #saglik #istanbul #turkey,"Ä°stanbul, TÃ¼rkiye",141,244444,198351,1,"ğŸ“ŒAkÅŸener, KÄ±lÄ±Ã§daroÄŸluâ€™nu destekleyecek mi?

âœğŸ»@abdulkdir_selvi
#6lÄ±masa #CHP #AkÅŸener #KÄ±lÄ±Ã§daroÄŸlu #gÃ¼ncel #gÃ¼ndem #haber 
https://t.co/5Tz00lZC10","['6lÄ±masa', 'CHP', 'AkÅŸener', 'KÄ±lÄ±Ã§daroÄŸlu', 'gÃ¼ncel', 'gÃ¼ndem', 'haber']",False,https://t.co/afOACYsIhO,http://pbs.twimg.com/profile_images/1400754181477109760/mQYOlj8e_normal.jpg,False,False,False,True,1
182,HaberPrimis,GÃ¼ncel Haberler,TÃ¼rkiye,0,7,2493,0,"Ä°YÄ° Parti lideri Meral AkÅŸener, AKPâ€™nin â€œbaÅŸÃ¶rtÃ¼sÃ¼â€ teklifindeki â€œsorunlu kÄ±sÄ±mlarÄ±â€ hukukÃ§ulara yeniletti. AkÅŸener, â€œrevize metniâ€ yarÄ±nki 6â€™lÄ±...
YazÄ±nÄ±n devamÄ± aÅŸaÄŸÄ±daki linkteğŸ‘‡

 #AkÅŸener #Milletvekilleri #Parti #Teklif

https://t.co/GE9KCc8LUu","['AkÅŸener', 'Milletvekilleri', 'Parti', 'Teklif']",False,https://t.co/6253ajLIwq,http://pbs.twimg.com/profile_images/1601740939361402880/gEubwCNC_normal.jpg,False,False,False,True,1
183,_kuzeyliadam_,TÃ¼rk Ã–vÃ¼n Ã‡alÄ±ÅŸ GÃ¼ven,AtatÃ¼rk ,18,347,26746,0,@ProfDemirtas ğŸ˜ Yazmakla konuÅŸmakla atÄ±p tutmakla olmuyor deÄŸiÅŸmiyor kÃ¶tÃ¼ gidiÅŸat iÅŸ bilen milli donanÄ±mlÄ± namuslu insanlar gelip siyaseta girip ellerini taÅŸÄ±n altÄ±na sokmazlarsa bir arada ayakta kalamaz bu millet Ã§Ã¼nkÃ¼ #KÄ±lÄ±Ã§daroÄŸlu yada #AkÅŸener yÃ¶netime gelsede gidiÅŸat deÄŸiÅŸmez #Ã–zgÃ¼r bey,"['KÄ±lÄ±Ã§daroÄŸlu', 'AkÅŸener', 'Ã–zgÃ¼r']",False,https://t.co/Fm29dzsWJ4,http://pbs.twimg.com/profile_images/1607610948595982339/3yC9eLfP_normal.jpg,False,False,False,True,1
184,zafer_uzun1990,zafer uzun ankara 1990 doÄŸumlu,,1445,792,15805,89,"Bir Arap gazetecinin gÃ¶zÃ¼nden Meral AkÅŸener, MÃ¼slÃ¼manlÄ±k, TÃ¼rklÃ¼k, AraplÄ±k meselesiâ€¦  #aksener https://t.co/WfBi0Uf07u",['aksener'],False,,http://pbs.twimg.com/profile_images/1501292039274651653/nTt0q1Wd_normal.jpg,False,False,False,True,1
185,SELMAN21536711,HAYAT Ä°MAN VE CÄ°HADDIR,"Konya, TÃ¼rkiye",36,28,134,2,"SÄ°NDÄ°RÄ°M SÄ°STEMÄ° VE HARÄ°KA ORGANLARI

https://t.co/U2bMnwymjr

 #zafer #islam #iman #inanc #tÃ¼rkiye #anadolu #istanbul #ankara #izmir #konya #bursa #saadet #yrp #rusya #ukrayna #Ã§in #amerika #erdogan #akp #chp #iyi #mhp #adildÃ¼zen #milligÃ¶rÃ¼ÅŸ  #altÄ±lÄ±masa #kÄ±lÄ±Ã§daroglu #akÅŸener https://t.co/e0QlkXxVR2","['zafer', 'islam', 'iman', 'inanc', 'tÃ¼rkiye', 'anadolu', 'istanbul']",False,,http://pbs.twimg.com/profile_images/1271522879897772032/Zc25SQ_C_normal.jpg,False,False,False,True,1
186,MilliCozumKonya,,,164,354,2062,2,"SÄ°NDÄ°RÄ°M SÄ°STEMÄ° VE HARÄ°KA ORGANLARI

https://t.co/U2bMnwymjr

 #zafer #islam #iman #inanc #tÃ¼rkiye #anadolu #istanbul #ankara #izmir #konya #bursa #saadet #yrp #rusya #ukrayna #Ã§in #amerika #erdogan #akp #chp #iyi #mhp #adildÃ¼zen #milligÃ¶rÃ¼ÅŸ  #altÄ±lÄ±masa #kÄ±lÄ±Ã§daroglu #akÅŸener https://t.co/e0QlkXxVR2","['zafer', 'islam', 'iman', 'inanc', 'tÃ¼rkiye', 'anadolu', 'istanbul', 'ankara', 'izmir', 'konya', 'bursa', 'saadet', 'yrp', 'rusya', 'ukrayna', 'Ã§in', 'amerika', 'erdogan', 'akp', 'chp', 'iyi', 'mhp', 'adildÃ¼zen', 'milligÃ¶rÃ¼ÅŸ', 'altÄ±lÄ±masa', 'kÄ±lÄ±Ã§daroglu', 'akÅŸener']",False,,http://pbs.twimg.com/profile_images/1294729092689022976/LcpJuKJ__normal.jpg,False,False,False,True,1
187,mnumanoguz,"demokrasi, seÃ§imle gelenin deÄŸil, aksine seÃ§imle gidenin olduÄŸu rejimdir.",,1258,1173,380609,63,"dÃ¼n gece kurulan 2â€™li masanÄ±n artÃ§Ä±larÄ± devam ediyorâ€¦ Ä°yi Parti Genel BaÅŸkanÄ± Meral AkÅŸener az Ã¶nce bir video paylaÅŸtÄ±â€¦ mesaj videoda olduÄŸu kadar, arkada Ã§alan tÃ¼rkÃ¼de.. iyi dinleyinâ€¦ #MusaEroÄŸlu #YolunSonu #AkÅŸener meraklÄ±sÄ±na tÃ¼rkÃ¼nÃ¼n sÃ¶zlerini de 2. tweete bÄ±rakÄ±yorum : https://t.co/CKWDdFJBHS",[],False,,http://pbs.twimg.com/profile_images/1461416309024034816/m9y6GwX4_normal.jpg,False,False,False,True,1
188,yilmaz1471,âœğŸ» AklÄ±nÄ±z'Ä±n  kabul ettiÄŸini kalbiniz  tasdik etmiyorsa; bir bit yeniÄŸi vardÄ±r.,TÃ¼rkiye,4028,3558,45126,89,"Bir Arap gazetecinin gÃ¶zÃ¼nden Meral AkÅŸener, MÃ¼slÃ¼manlÄ±k, TÃ¼rklÃ¼k, AraplÄ±k meselesiâ€¦  #aksener https://t.co/WfBi0Uf07u",['aksener'],False,,http://pbs.twimg.com/profile_images/966887548709515265/IuAn3rQa_normal.jpg,False,False,False,True,1
189,DURHANAli,GÃ¶relim Mevla neyler neylerse gÃ¼zel eyler.,,4205,4062,28332,89,"Bir Arap gazetecinin gÃ¶zÃ¼nden Meral AkÅŸener, MÃ¼slÃ¼manlÄ±k, TÃ¼rklÃ¼k, AraplÄ±k meselesiâ€¦  #aksener https://t.co/WfBi0Uf07u",['aksener'],False,,http://pbs.twimg.com/profile_images/1251820172081532929/A_WE3o1H_normal.jpg,False,False,False,True,1
190,S_AtakanDuran,Tire Belediye BaÅŸkanÄ± | Mutlu Ä°nsanlarÄ±n YaÅŸadÄ±ÄŸÄ± GÃ¼zel Bir TÄ°RE,"Tire, TÃ¼rkiye",37,2016,3003,0,"Ä°YÄ° Parti Ä°zmir Ä°l BaÅŸkan AdayÄ± Sn. Ã–ztÃ¼rk Keskin, Ä°lÃ§e BaÅŸkanÄ±mÄ±z Sn. YÃ¼ksel Åenyurt ve parti Ã¼yelerimize nazik ziyaretlerinden dolayÄ± teÅŸekkÃ¼r ederim.

@iyiparti @iyiparti35 
#iyiparti #azkaldÄ± #izmir #milletbiziÃ§aÄŸÄ±rÄ±yor #meralakÅŸener #akÅŸener https://t.co/qgPGvgX9fA","['iyiparti', 'azkaldÄ±', 'izmir', 'milletbiziÃ§aÄŸÄ±rÄ±yor', 'meralakÅŸener', 'akÅŸener']",False,,http://pbs.twimg.com/profile_images/1591178258686644224/IadfrYWf_normal.jpg,False,False,False,True,1
191,gencayhuk,paylaÅŸÄ±mlarÄ±m sadece beni baÄŸlar,aydÄ±n tÃ¼rkiye,4984,1638,55058,0,"#TÃœÄ°KÄ°STÄ°FA
YOK BÃ–YLE BÄ°R KURUM DÃœNYANIN HÄ°Ã‡ BÄ°R YERÄ°NDE HER ÅEY ORTADAYKEN EMEKCÄ°NÄ°N BOÄAZINDAN BÄ°R LOKMA GEÃ‡MESÄ°N DÄ°YE HER TÃœRLÃœ DALEVERA YAPILIYOR NEREDE MUHALEFET #KILIÃ‡TRAOÄLU #AKÅENER #RECEPTAYÄ°PERDOÄAN https://t.co/EjpGm0bJ7B","['TÃœÄ°KÄ°STÄ°FA', 'KILIÃ‡TRAOÄLU', 'AKÅENER', 'RECEPTAYÄ°PERDOÄAN']",False,https://t.co/7IDoW8Ah9W,http://pbs.twimg.com/profile_images/889841529543700480/RaUVGJeF_normal.jpg,False,False,False,True,1
192,degerkoc,Mavi gÃ¶zlerin ufkumdur ATAM,"TekirdaÄŸ, KapaklÄ±",636,575,515,6,"KÄ±rklareliâ€™nde CHP ezdi geÃ§ti, MHP sÄ±fÄ±r Ã§ekti | #KÄ±rklareli #seÃ§im2023 #seÃ§imanketi #SinanAteÅŸ #CHP #Mhp #Ä°yiParti #KÄ±lÄ±Ã§daroÄŸlu #AkÅŸener #AkParti #ZaferPartisi #VecdiGÃ¼ndoÄŸdu #AltÄ±lÄ±masa #Yenidenrefah #TurabiKayan #MehmetSiyamKesimoÄŸlu
https://t.co/JWKnnLbSJy https://t.co/1m9krcBgqF","['KÄ±rklareli', 'seÃ§im2023', 'seÃ§imanketi', 'SinanAteÅŸ', 'CHP', 'Mhp', 'Ä°yiParti']",False,https://t.co/f66TO0XMdE,http://pbs.twimg.com/profile_images/1250062033388802055/eUGsmadF_normal.jpg,False,False,False,True,1
193,OfftheRecording,"GerÃ§ekler AramÄ±zda! 
Ä°nsan OdaklÄ± Habercilik...
https://t.co/QUrkgM5XCv",TÃ¼rkiye,17,75,5132,0,"Meral AkÅŸener, partisinin baÅŸkanlÄ±k divanÄ± Ã¼yeleri ve milletvekilleriyle bir araya geldi https://t.co/BQxpxooIAm #AkÅŸener #sinanates #Mersin #Sipahi #HappyNewYear #mahirakhan","['AkÅŸener', 'sinanates', 'Mersin', 'Sipahi', 'HappyNewYear', 'mahirakhan']",False,https://t.co/4ZdXkNdvwi,http://pbs.twimg.com/profile_images/1424103826689335303/3f250WjB_normal.jpg,False,False,False,True,1
194,medyatavacom,"ğŸŒ https://t.co/tTRIkDuvUe
ğŸŒ https://t.co/eMPQf6Fwy3
ğŸŒ @MTavaMagazin
ğŸŒ @MTavaSpor
ğŸŒ https://t.co/IwgcwLQadL",YazmadÄ±ysa doÄŸru deÄŸildir!,5,592553,219425,0,#Soylu'dan #AkÅŸener'e: O girdiÄŸi her oluÅŸumu daÄŸÄ±tÄ±r https://t.co/e2GNlXlQCH,"['Soylu', 'AkÅŸener']",True,https://t.co/B4RQdzaCet,http://pbs.twimg.com/profile_images/1542550074777018369/cRhIzbLT_normal.jpg,False,False,False,False,0
195,kartallll1453,ğŸ‡¹ğŸ‡·ğŸ‡¦ğŸ‡¿,,200,10,372,0,Ä°BB ÅŸeysinin en bÃ¼yÃ¼k iki destekÃ§ilerinden biri iyi parti genel baÅŸkanÄ± #AkÅŸener diÄŸeri ise pkk'nÄ±n siyasi ayaÄŸÄ± hdp'li #demirtaÅŸ,"['AkÅŸener', 'demirtaÅŸ']",False,,http://pbs.twimg.com/profile_images/1600326050600345603/PCkUdGgB_normal.jpg,False,False,False,True,1
196,UsluNail,* KiÅŸisel GeliÅŸim&Ä°letiÅŸim UzmanÄ±                              * MERHAMET TEÅKÄ°LATI Gn. BÅŸk.YrdğŸ‡¹ğŸ‡·TÃœRKÄ°YE SEVDALISI *herÅŸey HAK iÃ§in*(Her RT onaylamak deÄŸil),"Ankara, TÃ¼rkiye",3434,1863,13424,0,"6 lÄ± maÅŸanÄ±n adayÄ±nÄ± genel baÅŸkanlar deÄŸil, kÃ¼resel efendileri belirler...
#KÄ±lÄ±Ã§daroÄŸlu en kullanÄ±ÅŸlÄ± aparat, ÅŸimdilik #AkÅŸener+#Ä°mamoÄŸlu 1-0 maÄŸlup, diÄŸerleri ErdoÄŸan intikamÄ± ve vekil pazarlÄ±ÄŸÄ± sevdasÄ±ndalar...
YÄ°NE #ERDOÄAN KAZANACAK inÅŸallah..","['KÄ±lÄ±Ã§daroÄŸlu', 'AkÅŸener', 'Ä°mamoÄŸlu', 'ERDOÄAN']",False,,http://pbs.twimg.com/profile_images/1461044787641995268/uo9o7QJx_normal.jpg,False,False,False,True,1
197,aydoand36987828,Sivil Ã–rÃ¼mceÄŸin AÄŸÄ±nda.Zifiri KaranlÄ±k.,,701,283,22939,1,BaÅŸka kimse yok mu? #bahÃ§eli #erdoÄŸan #abdullahgÃ¼l #babacan #kÄ±lÄ±Ã§daroÄŸlu #imamoÄŸlu #akÅŸener #kaftancÄ±oÄŸlu #kavuncu #demirtaÅŸ #paylan #perinÃ§ek https://t.co/ZNsv5xiYnU,"['bahÃ§eli', 'erdoÄŸan', 'abdullahgÃ¼l', 'babacan', 'kÄ±lÄ±Ã§daroÄŸlu', 'imamoÄŸlu', 'akÅŸener', 'kaftancÄ±oÄŸlu', 'kavuncu']",False,,http://pbs.twimg.com/profile_images/1491509554785435655/SXx6hJRc_normal.jpg,False,False,False,True,1
198,RanaPamir,,,569,2247,28003,1,BaÅŸka kimse yok mu? #bahÃ§eli #erdoÄŸan #abdullahgÃ¼l #babacan #kÄ±lÄ±Ã§daroÄŸlu #imamoÄŸlu #akÅŸener #kaftancÄ±oÄŸlu #kavuncu #demirtaÅŸ #paylan #perinÃ§ek https://t.co/ZNsv5xiYnU,"['bahÃ§eli', 'erdoÄŸan', 'abdullahgÃ¼l', 'babacan', 'kÄ±lÄ±Ã§daroÄŸlu', 'imamoÄŸlu', 'akÅŸener', 'kaftancÄ±oÄŸlu', 'kavuncu', 'demirtaÅŸ', 'paylan', 'perinÃ§ek']",False,,http://pbs.twimg.com/profile_images/1584572738160758786/uRIJuwxx_normal.jpg,False,False,False,True,1
199,1h9m6c6,"Allah ï·» hesap sorucudur, Kaadir ve AlÃ®m olandÄ±r.","Duisburg, Deutschland",406,24,3580,0,"@meral_aksener Derindevlet k.k.nasÄ± #Aksener
DÃ¼n neydi ne diyordu https://t.co/Ue0zWQuAQY",['Aksener'],False,,http://pbs.twimg.com/profile_images/1601921676224208901/oxaSsk5-_normal.png,False,False,False,True,1
